description,extension_id,title
"Light theme, color spectrum of Windows classical desktop.
Ğ›ĞµĞ³ĞºĞ°Ñ Ñ‚ĞµĞ¼Ğ°, Ñ†Ğ²ĞµÑ‚Ğ¾Ğ²Ğ°Ñ Ğ³Ğ°Ğ¼Ğ¼Ğ° ĞºĞ»Ğ°ÑÑĞ¸Ñ‡ĞµÑĞºĞ¾Ğ³Ğ¾ Ñ€Ğ°Ğ±Ğ¾Ñ‡ĞµĞ³Ğ¾ ÑÑ‚Ğ¾Ğ»Ğ° Windows.",nocmgnkgjphfnoikmejagcnjkjhfkfkh,98 Classic from SaddaS
A decentralised like button.,cgpmaldjmbpieenobjmjpokdjfihhple,LikeButton.eth
Right click to search highlighted text on B&H Photo,gpoocopmgolkjjllbbmnpcfbmojmjfng,Right Click B&H Search
å›½ç«‹å›½ä¼šå›³æ›¸é¤¨ã®è”µæ›¸æ¤œç´¢ã‚·ã‚¹ãƒ†ãƒ â€œNDL-OPACâ€ã®ä½¿ã„å‹æ‰‹ã‚’å°‘ã—ã ã‘å‘ä¸Š,gphccemjammkcamobjnafgiibinojnah,ndlopac++
Set of tools for Linkedin,kcnmjginaijndlfgmgkhgbjjjagnaipi,Linkedin Tools
Giao diá»‡n lÃ  hÃ¬nh áº£nh bÃ´ng hoa cÃºc mÃ u tÃ­m Ä‘áº¹p máº¯t,fdapaaieilopmeleklmdfkflcdchfgde,Playgo88
"Una extensiÃ³n para calcular el porcentaje de ventas con reclamo, cancelaciÃ³n y demoras.",hmjlblhbbijdlnfjbeehililgbgiemmh,Calculadora de ReputaciÃ³n Hsp Vdd Post Venta
Play Roblox Online For Free With help of Roblox Unblocked. This Free VPN for Chrome is a super safe and free tool.,eldafnahjlecijacdkbaoaodclagkchc,Roblox Unblocked: Play Roblox Online for Free
"If you like this theme, will rate it, please. Website: https://gctheme.store/",olpckcagkdfnhmmnfaphelflmnephkok,Glass pool
The Go-To Place for animal lovers wanting to grow their animal shelters,gdlepkkkjfnplhjlbjlldjblkaeocpko,Animal Shelter Essentials
Super powers for Craigslist,eodbobgkijhiojjdnocjkfoihjcfahme,Super Craig
Planteen Host makes domain name registration affordable and easy;  your comprehensive Web and Internet solution. Simply the Best!,hbnbdplnaccchifbikommkaehfmngooo,PlanteenHost.com
Simple support to create calendar events,lfgjicnpmcakigilbifjfkbegibpmkcl,Calendar Helper
Parse web pages for gaggle data and interact with other Gaggle Geese,loehpehjfhocaekdfacfkjbiohohafgb,Gaggle Chrome Goose
MozBar from Moz,eakacpaijcpapndcfffdgphdiccmpknp,MozBar
Give your browser a breath of fresh air with this vibrant wildflower grassland theme!,pebhpkphpkfghpaaelfbjnhhjcdfiapm,Yellowstone Wildflowers
åœ¨ä»»ä½•è¨­å‚™ä¸Šï¼Œé ç¨‹é™æ§æ‚¨çš„Googleç°¡å ±ã€‚,pojijacppbhikhkmegdoechbfiiibppi,Remote for Slides
"Play Fish Eat Fish Unblocked Games right on Chromeâ„¢ Browser! Offline and Popup Version, without internet required!",gljgbebgiblnlhkmidmeommgnmcbclnp,Fish Eat Fish Unblocked Games
Enhancer ChatGPT For Google ç‚º ChatGPT å°å‡ºèŠå¤©æ·»åŠ é¡å¤–åŠŸèƒ½ï¼Œè¤‡è£½å®Œæ•´èŠå¤©,ppabhpkkjmcgafdbodigikneeneaboma,Enhancer ChatGPT For Google | ENAPP
Google æœç´¢çµæœå’Œ YouTube è¦–é »æ—é‚Šå±•ç¤º ChatGPT æ‘˜è¦ï¼ˆæ”¯æŒè‡ªå‹•ç¿»è­¯ï¼‰,oicglfpilabkgmnmddphahbemifahiak,SummGen-è‡ªå‹•ç‚ºè°·æ­Œæœç´¢çµæœåŠYouTubeè¦–é »ç”Ÿæˆæ‘˜è¦ (ChatGPT)
Extract reviews on AliExpress then export to CSV. Allows for easy organization when researching the market or analyzing trends.,elcljdecpbphfholhckkchdocegggbli,Review Collector for Data-Driven Decisions
"åˆ†çµ„è¨è«–å®¤,å‡ºå‹¤,é»‘æš—æ¨¡å¼,èŠå¤©,è¡¨æƒ…ç¬¦è™Ÿ,çå‹µç©åˆ†,æ¸¬é©—,æŠ•ç¥¨,æ–‡ä»¶å…±äº«,ä¾¿åˆ©è²¼,éœéŸ³,Google Meetçš„è¨±å¤šå…¶ä»–åŠŸèƒ½",lbfjgknkjfjmnjdgdhbbmmbkoddgpdoc,Meet Plus for Google Meet
å°çµ„è¡Œäº‹æ›† â€¢ ç”˜ç‰¹åœ– â€¢ å°ˆæ¡ˆæ™‚é–“è»¸ â€¢ çµ„åˆç®¡ç† â€¢ åŒæ­¥è™•ç† Google æ—¥æ›† â€¢ æ™‚é–“è¿½è¹¤ â€¢ æ¯æ—¥å¾…è¾¦äº‹é …æ¸…å–®,kkgaechmpjgbojahkofamdjkaklgbdkc,Trello å°ˆç”¨è¡Œäº‹æ›†å’Œè¿½è¹¤ç¨‹å¼
"Sign language for beginners helps you understand sign language easily.
Sign language for beginners is an app specially created toâ€¦",emdomeobcjkbfdemfefgnfcjcabnmpai,Sign Language For Beginners
Cisco ç¶²è·¯è¨­å®šåŠ©ç†æ˜¯ç”¨æ–¼å°‡è£ç½®èˆ‡ä½¿ç”¨ Cisco èº«ä»½æœå‹™å¼•æ“çš„ç¶²è·¯å®‰å…¨é€£ç·šã€‚,ieapjcpffiijgpfhbmadlociooaekelm,Cisco ç¶²è·¯è¨­å®šåŠ©ç†
ä¸­æ–‡è¼¸å…¥æ³•-ç­†é †ç¢¼,ncjhkkjlkcnlehiceboccopicedlcbhb,BSM (ç­†é †ç¢¼)
"Ask questions about dialogue and expressions used in movies and TV series to the native speakers, with just one click.",nlfckkicjjjkhmfjofoglcffaenpiojl,HiNative for Netflix
"This app hide the number of watching now, rating, viewers, and subscribers on youtube.",ibdkcdjfoahbpcoajafabdokfdgcjijd,Hide Youtube Viewers and Ratings
ä½¿ç”¨ Microsoft Rewards æ“´å……åŠŸèƒ½ï¼Œå°±å¯ä»¥æ‰¾åˆ°å¤©å¤©è³ºé»æ•¸ã€è¼•é¬†è¿½è¹¤é»æ•¸ï¼Œä»¥åŠå°‡é è¨­æœå°‹å¼•æ“è¨­ç‚º Bing çš„å…¨æ–°æ–¹å¼,fbgcedjacmlbgleddnoacbnijgmiolem,Microsoft Bing Search with Rewards
å¯ä»¥è®©ç”¨æˆ·æ–¹ä¾¿åœ°è·å–äºŒæ¬¡éªŒè¯çš„éªŒè¯ç ,aikcihjoejmbpjbfdianeooembekikjn,ä¸¤æ­¥éªŒè¯(Authentication) - 2FA
Customise music by volume booster tool. Allows to increase the volume of your audio and video files. Sound booster,gmpconpjckclhemcaeinfemgpaelkfld,Volume Booster: Sound Booster tool
This powerful tool simplifies scraping eBay store and product reviews for benchmarking and competitive analysis versus yourâ€¦,amagdhmieghdldeiagobdhiebncjdjod,eBay Review Fetcher Tool
Web Development tool,bebjbdbgpmgdlfehkibnmgmbkcniaeij,XSS
ç€è¦½ç¶²é æ™‚å¯è¼•é¬†æŸ¥é–±å–®å­—åŠç‰‡èªã€‚,oiejodkfjpoahhngikghgckjalabfkcf,Y Dictionary
"ä»»ä½•æ‰©å±•çš„zipæ ¼å¼ä¸crxæ ¼å¼çš†å¯ä¸‹è½½,å¹¶æ”¯æŒå°†crxåŒ…å‹ç¼©ä¸ºzipæ–‡ä»¶",kiedfioieilihdlgcjhlakfcckhdbaif,ä¸‡èƒ½CRXä¸‹è½½/å‹ç¼©åŠ©æ‰‹
National flags of all countries of the world. Voice guidance can read the names of states in Czech and English. You can also findâ€¦,djnoekebcmcpapcgjmhcpjohlcbjaomi,National flags for kids
"è·¨å¤šå¹³å°,å°‡å½±ç‰‡ç¶²å€æ”¶ç´è‡³Vpin.Clubç®¡ç†",laeneahkhikogfmdbchkjkccccobcgpk,Vpin å°ˆå±¬å½±ç‰‡ç¶²å€æ”¶è—æ’ä»¶
ä»æ‚¨çš„ Google æ—¥å†ä¸­åˆ—å‡º Zoomã€Microsoft Teamsã€GoToMeetingã€Cisco Webexã€Google Meet å’Œå…¶ä»–äººçš„ä¼šè®®é“¾æ¥,jgliplolinicikblamobaaagffepghie,MeetAppsï¼šGoogle æ—¥å†è§†é¢‘é€šè¯é“¾æ¥
Super Ping-PonGoal æ˜¯ç¶“å…¸ä¹’ä¹“è¡—æ©ŸéŠæˆ²çš„é‡æ–°æ§‹æƒ³ç‰ˆæœ¬ã€‚ å¾è¶³çƒã€ç±ƒçƒã€æ’çƒä¸­æŒ‘é¸ä¸€å€‹çƒã€‚ äº«å—ï¼,abidlfefgiokgkmonfhdegaehjodikcj,è¶…ç´šä¹’ä¹“çƒéŠæˆ² - é›¢ç·šé‹è¡Œ
å°‡ç£åŠ›éˆæ¥äº¤ç”±æ”¯æŒé›¢ç·šä¸‹è¼‰çš„GetBy.Downloadä¸‹è¼‰ï¼Œå€ŸåŠ©å…¶å…è²»çš„ä¸‹è¼‰åŠŸèƒ½ï¼Œå¿«é€Ÿå®Œæˆç£åŠ›éˆæ¥ã€Torrentçš„ä¸‹è¼‰,mnnamhamofdlheiloeenopobhmifpbci,ç”¨GetBy.Downloadé›¢ç·šä¸‹è¼‰ç£åŠ›éˆæ¥
Happy chef is a fun bubble shooter game where you need to help the chef pop all the delicious pastries.,celnnbmadnnifmnaekgeiipiadahpide,Happy Chef Bubble Game
Check your clicks per second with the CPS test tool and set your world record.,fkmklebmckpmfdmjdleddfllehiiljcc,cps test and cps tester
å°æ–¼æ‰€æœ‰ç€è¦½è€Œè¨€ï¼Œé€™éƒ½æ˜¯ä¸€ç¨®é»‘æš—æ¨¡å¼ï¼Œå®ƒæ˜¯å…è²»çš„ã€‚,dpjfjjogncmalibegalebgbnfigonomb,æš—æ¨¡å¼
Instagramæ˜¯ä¸€ä¸ªéå¸¸å—æ¬¢è¿çš„æ™ºèƒ½æ‰‹æœºåº”ç”¨ç¨‹åºçš„å…±äº«å›¾åƒã€è§†é¢‘ä¸ä½ çš„å¥½å‹ã€‚ ä½œè€…æ˜¯å‡¯æ–‡*å¸Œæ–¯ç‰¹ç½—å§†æˆ‘ä»¬,dcibfpikkfpaogplkmnocfepoliadbeh,Instagram
"""BIG BAD FISH"" is an ""endless runner"" and very ""addicting"" in gameplay.

Try to swim as far as you can. Avoid the contact with theâ€¦",ncmcbaekajcmenbhaipccibflgpjighi,Big Bad Fish
å’ŒWorkWithGPTä¸€èµ·å‘æµªè²»æ™‚é–“èªªå†è¦‹ï¼åªéœ€å³éµé»æ“Šï¼Œå³å¯åœ¨åŒä¸€é é¢ä¸Šç”ŸæˆChatGPTå›æ‡‰ã€‚,fghidpcdlpnibijgebhbeconeclinjih,Work with gpt- å³æ™‚å–å¾—ChatGPTå›è¦†
A base64 encoder/decoder extensions for the chrome,iehcmnpigdofkabpfmehknobccpcjfhb,Base64 to Image
Customise music by volume booster tool. Allows to increase the volume of your audio and video files. Sound booster,nlgmicoooapgmaaplbkjnhjbeojeoaha,Volume Booster: Sound Booster tool
Azure ç‚º WaterlooWorks å¹³å°æä¾›å¤šæ¬¾ä¸»é¡ŒåŠå¤šé …é«˜ç´šæ“´å±•åŠŸèƒ½ã€‚,peeaakkcmdoeljddgdkcailflcballmm,WaterlooWorks Azure
"Scrape & invite Telegram group members, send bulk messages in Telegram.",ephkonpdbifahgjkhgphnbklldjhongm,Telegram Sender Metjet
PDV & ERP Completo que cabe no seu Bolso. Experimente gratuitamente por 14 dias!,kgmgagfphoephonbmfmegkpgcomckkpg,"EPOC PDV: Controle Vendas, Pedidos e Estoque"
å“”å“©å“”å“©å½±ç‰‡ä¸‹è¼‰ï¼ŒB ç«™å½±ç‰‡ä¸‹è¼‰ï¼ŒBiliBili å½±ç‰‡ä¸‹è¼‰ï¼Œå¯ä¸‹è¼‰ B ç«™ 1080Pã€4K é«˜ç•«è³ªå½±ç‰‡ã€‚,hpblinpebjlcdcmpmfkbioliagcppmof,å“”å“©å“”å“© Downloader
Quickly and easily switch between popular user-agent strings.,lbdmdckajccnmklminnmlcabkilmhfel,ç”¨æˆ¶ä»£ç†åˆ‡æ›å™¨
Oscar de la Renta æ˜¯ä¸–ç•ŒçŸ¥åçš„æ™‚è£è¨­è¨ˆå¤§å¸«ï¼Œä»–çš„æ™‚è£åœ¨ Oscar de la Renta ç²¾å“åº—ç­‰ä¸–ç•Œä¸»è¦çš„éŠ·å”®é€šè·¯éƒ½è²·å¾—åˆ°ã€‚,nphgjnagopjcejpncakmojifbeakeilb,Oscar de la Renta
å°‡PDFè½‰æ›ç‚ºJPGæ˜¯å…è²»çš„ã€‚,bemoeohlphdgcjkaihajafjokcdcaipd,PDFè½‰JPG
åœ¨äººåŠ›éŠ€è¡Œçš„è·ä½è£¡ï¼Œé¡¯ç¤ºè©²å…¬å¸æœ€è¿‘çš„æ–°è,jijnaelejhebppgblffipacjkikcppnf,é€™å…¬å¸æ€éº¼æ¨£
Slope as a ball that must navigate a variety of obstacles in the entertaining and hard 3D game called Slope,kancegcecncaedjojodjohngnbagakco,Slope Unblocked
åœ¨ä»»æ„ç§’æ•¸å¾Œè‡ªå‹•é‡æ–°è¼‰å…¥é é¢ã€‚é©ç”¨æ–¼æ‰€æœ‰é é¢ã€‚æŒ‰éœ€åˆ·æ–°é¸é …å¡ã€‚,egikkennjmdkmenllfmbigafjhicmeep,åˆ·æ–°é é¢ - è‡ªå‹•é‡æ–°è¼‰å…¥é é¢
å¹«åŠ©æ‚¨å°ˆæ³¨æ–¼ç•¶å‰çš„å·¥ä½œå’Œå­¸ç¿’ï¼ŒåŸºæ–¼ç•ªèŒ„å·¥ä½œæ³•ï¼Œå¾…è¾¦ä»»å‹™æ¸…å–®çµåˆç•ªèŒ„é˜è¨ˆæ™‚å™¨ï¼Œçµ•ä½³çš„æ™‚é–“ç®¡ç†æ•ˆç‡å·¥å…·ï¼Œå¹«åŠ©æé«˜è‡ªå¾‹ï¼Œæ“ºè„«æ‹–å»¶ã€‚,ngceodoilcgpmkijopinlkmohnfifjfb,å°ˆæ³¨æ¸…å–®: ç•ªèŒ„é˜ & ä»»å‹™æ¸…å–® & ç•ªèŒ„å·¥ä½œæ³•(åŸå°ç•ªèŒ„)ã€Œç®¡ç†å·¥ä½œæ—¥ç¨‹å’Œå­¸ç¿’è¨ˆåŠƒï¼ŒåŸ¹é¤Šå°ˆæ³¨ç¿’æ…£ã€
ArtQRæ˜¯ä¸€æ¬¾å¼ºå¤§çš„AIç”Ÿæˆè‰ºæœ¯äºŒç»´ç æ’ä»¶ï¼Œä»¥AIç»˜ç”»ä¸ºåŸºç¡€ï¼Œä¸€é”®ç”Ÿæˆä¸ªæ€§åŒ–äºŒç»´ç ã€‚,nlbbeenoofgomcheoocjfjlbjccknhpn,ArtQR - AIè‰ºæœ¯äºŒç»´ç ç”Ÿæˆå™¨
è§£é–å¤§é™¸éŸ³è¦–é »ç¶²ç«™ã€‚åœ‹å¤–çœ‹æ„›å¥‡è—ã€å„ªé…·Youkuã€é¨°è¨Šè¦–é »ã€Bç«™å—¶å“©å—¶å“©ã€CCTVç›´æ’­ï¼Œè½QQéŸ³æ¨‚ã€ç¶²æ˜“äº‘NetEase Musicã€é…·ç‹—é…·æˆ‘ï¼å‡ºåœ‹ç•™å­¸å¿…å‚™ï¼é¦™æ¸¯è‡ºç£å¯ç”¨ï¼æµ·å¤–è¯äººè¿½åŠ‡è¿½ç•ªVPNï¼,ekpgflponjmfenfbmpnnjngomooccbdk,GoLink - æµ·å¤–è¯äººå›åœ‹åŠ é€Ÿå™¨
"å–ä»£ Facebook ä¸­é€£çµæ¨™é¡Œçš„ç‰¹å®šé—œéµå­—
å¯åœ¨æ“´å……å…ƒä»¶è¨­å®šä¸­è‡ªè¡ŒæŒ‡å®šé—œéµå­—",mfgajaopndhhdcgojghifbbfgoldiakl,ç¬¨æ¨™é¡Œå¥½æœ‹å‹
å‡è‹¥ä½ ååˆ†ç†Ÿæ‚‰CSSçš„ç·¨å¯«ï¼Œé‚£éº¼æ¨è–¦ä½ ä½¿ç”¨Stylishæ“´å……åŠŸèƒ½ä»¥é‡å°å„é¡ç¶²é ä½¿ç”¨å„é¡è‡ªè¨‚å­—å‹ã€‚,hckjchjpkmbihoocajjpjajkggbccgee,å¼·åˆ¶ç¶²é ä½¿ç”¨è‡ªè¨‚å­—å‹
ä¸€å€‹æ–¹ä¾¿çš„æ—¥æ›†å’Œæ™‚é˜éƒ¨ä»¶ã€‚,galgfocamdohgeifjlbefkfpaalankfi,æ—¥æ›†æ™‚é˜
Create image with one click,ephfokcaimjfldlhakieekmoogekdegf,1click Paintbrush
å°åŒ—è‚¡å¸‚è¼”åŠ©å·¥å…·ï¼Œå”åŠ©è¨ˆç®—æç›Šï¼Œèˆ‡è¨­å®šåƒ¹æ ¼ä¸Šä¸‹é™é€šçŸ¥åŠŸèƒ½. è«‹ç•™æ„ä¸¦éå³æ™‚æ›´æ–°è‚¡åƒ¹ã€‚,miaeopgplngdfmaablpfpombbacaeaoo,TW Stock Tool
ç”¢ç”Ÿå®‰å…¨æ€§æ¥µé«˜çš„å¯†ç¢¼ï¼Œé‚„èƒ½è‡ªå‹•å¡«å¯«è³‡æ–™ï¼Œä¸¦ä»¥ Zero-Knowledge åŠ å¯†æŠ€è¡“ä¿è­·æ‚¨çš„æ©Ÿå¯†è³‡è¨Šã€‚,bfogiafebfohielmmehodmfbbebbbpei,KeeperÂ® å¯†ç¢¼ç®¡ç†å™¨ & é›»å­æ•¸æ“šåº«
æŸ¥çœ‹æ­·å²éŠ·é‡è·Ÿè¿‘ä¸€å€‹æœˆçš„éŠ·é‡ç›¸é—œæ•¸æ“šï¼Œç”¨ä»¥åˆ¤æ–·æ˜¯å¦æœ‰æš´æ¬¾ï¼Œæ˜¯å¦é©åˆä½œç‚ºé•·é’æ¬¾ä¾†è²©å”®ã€‚,emnniniidljmfokppjbjfgmpiggomajf,RaydreamShopeeéŠ·é‡åˆ†æ
é¡¯ç¤ºç¶²é ç‰ˆPTTæ¨“æ•¸(https://www.ptt.cc/),kmhkbjcicdndpamgofagjekgknnekmch,PttFloor
ä¸‹è¼‰ç®¡ç†å™¨ | å½±ç‰‡ä¸‹è¼‰ | æ‰¹æ¬¡åœ–ç‰‡ä¸‹è¼‰,mciiogijehkdemklbdcbfkefimifhecn,Chronoä¸‹è¼‰ç®¡ç†å™¨
å¿«é€Ÿå°‡ PNG åœ–åƒè½‰æ›ç‚º SVG åœ–åƒ,dkmgoakpnejdcopljneldmdcmlmgnphn,PNGåˆ°SVGè½‰æ›å™¨
Supercharge Your Communication with Emoji Keyboard Live: Instant Emoji Access on Any Website!,elhapkijbdpkjpjbomipbfofipeofedj,Emoji keyboard live
å®‰è£æ­¤æ“´å……å·¥å…·å¾Œï¼Œä½ å°‡å…è²»ç²å¾—å‰µå„„å­¸å ‚å¿«å ±ï¼Œæ—¥å¾Œåªè¦æœ‰ç¶²è·¯è¡ŒéŠ·ç›¸é—œè¨Šæ¯éƒ½æœƒé€éç€è¦½å™¨é€šçŸ¥ä½ ,eliiflfmghdagmmahpdniphmbhahmjne,imjaylin
å¾äºé¦¬éœæœå°‹çµæœä¸­éæ¿¾æ‰ç¬¬ä¸‰æ–¹è³£å®¶éŠ·å”®çš„ç”¢å“,gmfbegokkdolaokghlfnohddllgbbohd,Amazon 3rd party seller filter
Smart. Simple. Beautiful Theme.,hcaidncenfklbfikefeppfgehcbmmecn,Slinky æœ¨
ä½¿ç”¨Googleç¿»è­¯å™¨åœ¨ç€è¦½ç¶²é æ™‚ç¿»è­¯å–®è©å’ŒçŸ­èªã€‚,pnpdnibdembnnlaiibkeandepjajegoi,ç¿»è¯‘è€…
mei's lens provides search the web by image feature for web pages.,njoicpmnlbhcinacogofeincbglclloi,mei's lens
ChatGPT å´é‚Šæ¬„ä½œç‚ºæ‚¨åœ¨ä»»ä½•é é¢ä¸Šçš„ AI åŠ©æ‰‹,khbhbpogabkcfkbjmpenbejldoeciioe,CubeGPT-æ”¯æ´ChatGPT 4.0
é»‘ç²‰ç´…è‰²éŸ“åœ‹å¥³å­æ“´å±•ç¨‹åºé‡æ–°å®šç¾©äº†æ‚¨çš„Chromeæ–°æ¨™ç±¤é æˆç‚ºé»‘ç²‰ç´…è‰²éŸ“åœ‹å¥³å­çš„èƒŒæ™¯å£ç´™ã€‚ é»‘ç²‰ç´…è‰²éŸ“åœ‹å¥³å­ç²‰çµ²çš„ä¸»é¡Œã€‚,ghbgkgcckfcjblbdbobhajklodijdbbe,é»‘ç²‰ç´…è‰²éŸ“åœ‹å¥³å­é«˜æ¸…èƒŒæ™¯å£ç´™æ–°æ¨™ç±¤é 
è·ŸFrantastique å­¦æ³•è¯­,ondpaahlldgcdnhgiflipkinlnldmanp,è·ŸFrantastique å­¦æ³•è¯­
"Play Minesweeper Unblocked new generation, Offline version on your Google Chrome! Popup and without internet!",kbmlmnojadimfijkkennmcbepjfckpkb,Minesweeper Unblocked
å­—æ•¸çµ±è¨ˆå™¨å¯ä»¥ç‚ºä½ è¨ˆç®—è‹±æ–‡ã€ä¸­æ–‡ã€æ¨™é»ç¬¦è™Ÿç­‰æ–‡å­—ã€‚,bcmjmpmjhlgcoipkgcfblbcgjpleknff,å­—æ•¸çµ±è¨ˆå™¨
é¡¯ç¤º YouTube è¦–é »ã€Google æœç´¢çµæœå’Œæ‰€æœ‰ç¶²çµ¡å…§å®¹çš„ ChatGPT æ‘˜è¦ã€‚,ebdenogmnbeilddipibklpcjmioooddl,Grapevine: Web & YouTube Summary with ChatGPT
"New tab, new Chinese idiom",hgedahiaddaonjomddplfchiiemhifkn,chengyu
Enjoy fast streaming and secure & private internet with Blaze åŠ é€Ÿå™¨ vpn Proxy,anenfchlanlnhmjibebhkgbnelojooic,Blaze åŠ é€Ÿå™¨ vpn
æ˜“æ–¼æª¢æŸ¥ï¼Œæ‰¾åˆ°ä»»ä½•ç¶²ç«™ä¸Šä½¿ç”¨çš„å­—é«”åç¨±,idoejinhmhkammopnhekeohabblidioi,é©ç”¨æ–¼ Google Chromeâ„¢ çš„å­—é«”æŸ¥æ‰¾å™¨
Quickly minify JSON files to save space and optimize your speed,cnfieefplcehggbolaopbpghigmafadd,JSON Minifier
è—‰ç”±ç¯©é¸ç¶²è·¯ä¸Šçš„è£¸éœ²å…§å®¹ï¼Œä»¥å°å­©ç«¥çš„æ•¸ä½æ´»å‹•æä¾›é˜²è­·ã€‚,hcecmnpgpgdmpikefmpmnohbnfcidgbg,è¶¨å‹¢ç§‘æŠ€å®¶é•·å®ˆè­·-å®‰å…¨ç€è¦½å™¨
å‘æˆ‘å€‘å±•ç¤ºä½ ç²¾æº–çš„æ¡ŒçƒæŠ€è¡“ï¼Œä»¥åŠè·Ÿä¸–ç•Œå„åœ°çš„é¸æ‰‹å°æˆ°ã€‚çœ‹çœ‹ä½ èƒ½ä¸èƒ½ä¸€Cueæ¸…è¢‹ï¼,bjohiacoelemalmancnccjggomjnkfod,æ–¯è¯ºå…‹
è´­ç‰©åŠ©æ‰‹ï¼šé€šè¿‡äººå·¥æ™ºèƒ½èŠ‚çœæ—¶é—´ã€‚å‘ç°ä»·æ ¼å†å²è®°å½•ï¼Œé¿å…æ˜‚è´µçš„äº¤æ˜“ï¼Œå‘ç°è™šå‡è¯„è®ºï¼Œç°è´§å–å®¶çš„è´Ÿé¢è¯„çº§ã€‚,ejjhlpepcaaaehcemmjgnaekfggehdan,è´­ç‰©åŠ©æ‰‹ï¼šé€Ÿå–é€šã€äºšé©¬é€Šã€eBay
åº—å‘˜ï¼šå‘ç°ä»·æ ¼å†å²ã€è™šå‡è¯„è®ºæ•°é‡ã€å–å®¶åœ°ä½ï¼Œé¿å…æ˜‚è´µçš„äº¤æ˜“ï¼ŒåŒæ—¶é€šè¿‡äººå·¥æ™ºèƒ½èŠ‚çœæ—¶é—´,debkcceohmiepfnfmigbjoajbbidfgbp,è´­ç‰©åŠ©æ‰‹ï¼šé€Ÿå–é€šã€äºšé©¬é€Šã€eBay
Fairy Tail 1366x768,longabpimandgbpkofkigkeiekpebdgf,Fairy Tail 1366x768
Thor Ragnarok 1920X1080,pnmbldkbenidokiojcjhhkpppaodefbc,Thor Ragnarok 1920X1080
Re Zero 1920X1080,nabpmifobhhjhifdpbbkbkefjllkdajj,Re Zero 1920X1080
æ‹¥æŠ±è¡¨æƒ…ç¬¦å·çš„å¤šæ ·æ€§ï¼åˆ©ç”¨å¤åˆ¶ç²˜è´´æ¥ä½¿ç”¨è¡¨æƒ…ç¬¦å·ã€‚æ¢ç´¢æ–°çš„é›†åˆï¼šç¬‘è„¸ï¼Œæ´»åŠ¨ï¼Œä½“è‚²ï¼Œç¬¦å·ç­‰ç­‰ã€‚,hjfjkioheffddeeeddgmpmbonkgibjia,Chromeçš„è¡¨æƒ…ç¬¦å·é”®ç›˜å¤åˆ¶ç²˜è´´
Wordle æ¯æ—¥å•è¯ç›Šæ™ºæ¸¸æˆä½œä¸ºæ–°æ ‡ç­¾ã€‚,kdgcliklfndcdgoaaijlboiheojjcmno,Wordle
Hunter X Hunter 1366x768,jildmdhnnifdaalgimeffnkpblilbmjg,Hunter X Hunter 1366x768
Dragon Ball Super 1366x768,oiikognibipcbjhpaecpfhgifcnpipfp,Dragon Ball Super 1366x768
Quickly calculate your profit margin right from Amazon Product page.,cinpcggmgjnkefldglflhjdhdnhnjdmc,Instant FBA Calculator
Your Name ( anime ) 1366x768,jkhjolmjjheockpjmfipdbkiaaicigol,Your Name ( anime ) 1366x768
"FileCXX integration. Download files, videos, and audio from web pages.",ogfhebakocdbenmnkaajmckmbcnnafmm,æª”æ¡ˆèœˆèš£
æ§åˆ¶æ‚¨çš„ cookieï¼é—œé–‰åˆ†é å¾Œè‡ªå‹•æ¸…é™¤æ²’ç”¨çš„ cookieï¼ŒåŒæ™‚ä¿ç•™æœ‰ç”¨çš„ cookieã€‚,fhcgjolkccmbidfldomjliifgaodjagh,Cookie AutoDelete
Hack for SurveyCake,kklfdidkahklajoamegbmckhjiklpaag,BadCake
å¯éš¨æ™‚éš¨åœ°å­˜å–ç­†è¨˜ã€‚,ciniambnphakdoflgeamacamhfllbkmo,OneNote Online
Create Events with your friends and chat in Chatstat!,ppgbkcggmelhijcjhicckmddojaifjeb,Chatstat
ç‚ºç€è¦½å™¨æ·»åŠ æ–°åŠŸèƒ½ï¼Œä¸¦æ‰“é€ ç¬¦åˆå€‹äººéœ€æ±‚çš„ç€è¦½é«”é©—ã€‚,,Chrome Web Store
"Lensoo Create turns your Chromebook into a virtual whiteboard with voice recording, video and smooth digital writing. Using Lensooâ€¦",pkianhmbpjlmgdclfbffmdnineejmmke,Lensoo Create
Description,cfbljelanefbjadlhfalnfdoidnjfakk,NOMORE
åŸºæ–¼Chat GPTçš„Vimeoè¦–é »å…§å®¹ç¸½çµã€‚ Vimeoè¦–é »æ‘˜è¦ç”Ÿæˆå™¨ã€‚,oihfhipjjdpilmmejmbeoiggngmaaeko,Vimeoè¦–é »æ‘˜è¦ChatGPTç”Ÿæˆ-å¿«é€Ÿç­†è¨˜ (ä¸­æ–‡ç‰ˆ)
A simple chrome extension for checking drug & drug interaction for the https://medcloud.nhi.gov.tw/ website,jeingaafedjnfaoloiiekkjfdknlpcgf,My Drug Marker
Fokke å’Œ Sukke æ˜¯è·è˜­æœ€å—æ­¡è¿çš„å¡é€šäººç‰©ã€‚åœ¨å„å¤§åª’é«” (ä¾‹å¦‚ NRCï¼Œç­‰åŒç¾åœ‹çš„ã€Šç´ç´„æ™‚å ±ã€‹) çš„å¼·åŠ›æ”¾é€ä¸‹ï¼ŒFokke å’Œ Sukke æ¯å¤©éƒ½èˆ‡æ•¸ç™¾è¬çš„è§€çœ¾åˆ†äº«ä»–å€‘å°æ™‚äº‹çš„çœ‹æ³•ã€‚é€™å€‹å¡é€šæ˜¯ç”± John Reidã€Bastiaan Geleijnseâ€¦,ndomekignncgmnbkdipahohfmmkjgkdc,Fokke & Sukke
ä½¿ç”¨è½å¯«ä»¥ 50 å¤šç¨®èªè¨€è¼¸å…¥ 10k+ å€‹ç¶²ç«™ã€‚ VoiceIn å°‡æ‚¨çš„èªéŸ³å¯¦æ™‚è½‰éŒ„ç‚ºæ–‡æœ¬ã€‚,pjnefijmagpdjfhhkpljicbbpicelgko,Voice In - Speech-To-Text Dictation
Gestor de git para chrome OS,ohjedahhjnmikhpnbgjnlhfbclehbinn,MGit
"è‡ªå‹•é è®€99æ¼«ç•«çš„åœ–ç‰‡ï¼Œé™ä½é é¢åˆ‡æ›æ™‚çš„è®€å–æ™‚é–“

This extension will pre-fetch the images in particular website (99manga / 99mh )

The loading timeâ€¦",leffekiidnhapkpkgbpdmjekdecjepoa,PG's 99manga & 99mh loader
"ä½ éœ€è¦é€£çºŒå®Œæˆè¸¢æ“Š,æ‹³æ“Šå’Œç‰¹åˆ¥å‹•ä½œï¼",gckdifkadmdmcaajneidiajkoiokcnca,Stickman Fighter : Epic Battle
Mother's Day 1920X1080,lhokgbijknmjdikcedoalfdjbbmlnckk,Mother's Day 1920X1080
ä¸€å€‹ç”¨æ–¼wootalkç¶²é çš„æ“´å……ç¨‹å¼ï¼Œç•¶æ”¶åˆ°æ–°è¨Šæ¯ï¼Œgoogleå°å§æœƒå¿µå‡ºä¾†~,gocmhicimccganejagcaohbnkoalceig,wooSpeech
æä¾›æ¬Šå¨çš„å¾·æ¼¢-æ¼¢å¾·è©å…¸åƒè€ƒï¼Œç¶²é é€æ®µå°ç…§ç¿»è­¯ã€PDFæ–‡ç»ç¿»è­¯åŠŸèƒ½ï¼Œå¾·èªå­¸ç¿’å¿…å‚™åƒè€ƒå·¥å…·ã€‚å¯ä»¥å’Œå®¢æˆ¶ç«¯åŒæ­¥å­¸ç¿’è¨˜éŒ„ã€‚,bhkobcgijlfcgnkamhbndpdiiigefoph,å¾·èªåŠ©æ‰‹
å…ˆè¿›çš„ä¹¦ç­¾ç®¡ç†å™¨æä¾›äº†æ ‡è®°ã€å³æ—¶æ’åºå’Œåœ¨å…¨åˆ—è¡¨è§†å›¾ä¸­è¿‡æ»¤æ‰€æœ‰ä¹¦ç­¾ã€‚,idbigcbhfbdclcbljcoopcjgkejaknnl,Bookmanize - é«˜çº§ä¹¦ç­¾ç®¡ç†å™¨
iTextMasterï¼Œå€ŸåŠ©AIï¼ŒChatGPTä¸ä»»ä½•PDFæ–‡æ¡£è¿›è¡Œæ™ºèƒ½äº¤æµã€‚å…è´¹ï¼Œéšæ—¶æé—®ã€è·å–æ‘˜è¦ã€è½»æ¾æŸ¥æ‰¾æ‰€éœ€ä¿¡ã€‚,hdofgklnkhhehjblblcdfohmplcebaeg,iTextMaster - å…è´¹Chatpdfå·¥å…· & é€šè¿‡AIä¸ä»»ä½•PDFèŠå¤©
"Power of ChatGPT in Chrome: Seamless integration, engage from toolbar to search results.",mcegjkjnlkahilkffaafmnkilgkmgekc,WebWise ChatGPT Chinese (Taiwan)
????????????????????????????????????????,bpngmkhahjhhkmljicmdphlahalhpmpe,Human: Fall Flat
Opera VPNæ˜¯æœ€å—æ­¡è¿çš„vpnæ’ä»¶ä¹‹ä¸€ã€‚,kkgmieonbikkkdklopkdohehjnmdgfnf,OVPN - Free VPN Proxy & Secure for Chrome
A lightweight theme to give you a pure black experience.,lebddennmjlaahddhgkckcjgdlpbbklp,Pure Black
The #1 converter tool that comes to make your work easy.,lmgofgkjflllbmfdpamdjjmdjhohibpc,Smart PDF - Files Converter Tool
SnapTrans: Instantly Translate Words and Selections on Web Pages with a Click!,jfcnoffhkhikehdbdioahmlhdnknikhl,SnapTrans
Telegramè‡ªåŠ¨åŒ–å·¥å…·ï¼ŒæŠ“å–Telegramç¾¤ç»„æˆå‘˜ï¼Œæ‰¹é‡å‘é€ä¿¡æ¯ï¼Œæ‰¹é‡é‚€è¯·Telegramç¾¤æˆå‘˜,phgakhamfpdopadfmhmplmmoakclicpf,Telegramå‘é€å™¨ - Telegramæ¶ˆæ¯ç¾¤å‘å·¥å…·
Erratorå¸¶ä¾†çš„å‰æ²¿å’Œä¸­å¿ƒjavascriptéŒ¯èª¤ã€‚,fdgajmekgmeingahdbcogkbgnpodoihh,Errator
ç‹—å’Œå°ç‹—å£ç´™æ“´å±•ç¨‹åºé‡æ–°å®šç¾©äº†æ‚¨çš„Chromeæ–°æ¨™ç±¤é æˆç‚ºç‹—å’Œå°ç‹—çš„èƒŒæ™¯å£ç´™ã€‚ç‹—å’Œå°ç‹—ç²‰çµ²çš„ä¸»é¡Œã€‚,fepclcgieibehcceddpfnffngmiadhle,ç‹—å’Œå°ç‹—å£ç´™é«˜æ¸…
æ¨è–¦åªç”¨è…¦çš„çƒå“¡ï¼,amkoinfmlfndmileeeldconamokemeck,å¤©æ‰çš„è¨˜æ†¶
åˆ†äº«ç”Ÿæ´»ç‰‡åˆ»æœ€æ–¹ä¾¿çš„é¸æ“‡ï¼ŒPal+ï¼,njplbiakhnglkiggnomjohkhdemhdjed,Pal+ Lite
åŸºæ–¼Open AIå’ŒChat GPTçš„YouTubeè©•è«–ç¸½çµæ’ä»¶ï¼Œå¹«åŠ©ä½ å¿«é€Ÿäº†è§£äººå€‘å°é€™å€‹è¦–é »çš„çœ‹æ³•.,mcooieiakpekmoicpgfjheoijfggdhng,YouTubeè©•è«–æ‘˜è¦ç”Ÿæˆå™¨-ChatGPT(ä¸­æ–‡ç‰ˆ)
"Junto con saludarle, hacemos extensible la invitaciÃ³n para que su comunidad educativa, sea parte de la utilizaciÃ³n de tecnologÃ­aâ€¦",pfhpfibaicdeppeigmplbegilnojpblj,Gestor Educacional
Sapper is a popular puzzle game where players navigate a grid to safely uncover hidden mines without triggering them,nifcocgpoidejfigjehddhnckmhnpkeg,Sapper - game
ç‚ºç€è¦½å™¨æ·»åŠ æ–°åŠŸèƒ½ï¼Œä¸¦æ‰“é€ ç¬¦åˆå€‹äººéœ€æ±‚çš„ç€è¦½é«”é©—ã€‚,,Chrome Web Store
Pac â€“ Man wallpapers bring your chrome a new look and useful tools,fomhdppipbfknibbpbfhablldbhaifgo,Pac â€“ Man Wallpapers and New Tab
udemy/hahow å¥½å­¸æ ¡/youtube æ’­æ”¾æ¸…å–®/mentorbox ç­‰ç·šä¸Šèª²ç¨‹çš„ notion ç­†è¨˜å°å¹«æ‰‹,oldidllbanodgoopjgjfnphdioefllcd,Learning Notes Plus
Mother's Day 1920X1080,dmeafmecnemhefbpiccpcokipnkainee,Mother's Day 1920X1080
ç›´æ¥å¾ç€è¦½å™¨ä¸­å¿«é€Ÿé¸æ“‡ä¸¦è¤‡è£½è¡¨æƒ…ç¬¦è™Ÿã€‚,lejkgdfbkdpnbcpeoipgimmoamlgbcli,è¡¨æƒ…ç¬¦è™Ÿéµç›¤
Check current or another time at any timezone,ddgjfccifngmainebdodaklplmaeknai,1click World Clock
Audio EQ with music genres presets and bass booster features. Improve the sound!,fmagegkapggeepfanjkkcldbpiaebkdl,Equalizer For Browser with Volume Booster
Book your hotel Easily find the best prices in one place! Please visit our website at https://www.bedroomchecker.com,kpmpameipkmcopgobohidjmdcoagjenb,Hotel Deals
LBSç›¸å…³æµ‹è¯•ç”¨app,kpcogmieoamgfmpddilnpgjiiengkcpc,ShoppingTogethor
å°ˆæ¥­çš„è¦–é »ä¸‹è¼‰ç¥å™¨ï¼Œå…è²»ä¸¦ä¸”å¿«é€Ÿçš„ä¸‹è¼‰è¦–é »ã€‚,dlpiaeofjhnjeckpjcbhmnifdejoikpa,è¦–é »ä¸‹è¼‰å·¥å…· - å°ˆæ¥­ç‰ˆ
"Fast, ultra secure, and easy to use VPN service to protect your privacy online. Enjoy Unlimited Traffic and Bandwidth!",majdfhpaihoncoakbjgbdhglocklcgno,Free VPN for Chrome - VPN Proxy VeePN
Switching between English and Chinese sites.,ohopomahndmhjmidgcalgandlbgepaem,Leetcode languages switcher
"ChatSider AIåŠ©æ‰‹æ˜¯ä¸€æ¬¾å¤šåŠŸèƒ½çš„ChatGPT & Claudeå°åŠ©æ‰‹ï¼Œä½¿ç”¨GPT-3.5, GPT-4, Claudeç­‰æ¨¡å‹å®ç°å¤šç§åŠŸèƒ½ï¼Œä¾‹å¦‚ï¼šç¿»è¯‘ã€å†™ä½œã€ChatGPT for Bing(æœç´¢å¢å¼º)ã€è”ç½‘ç­‰ã€‚",ecnknpjoomhilbhjipoipllgdgaldhll,"ChatSider AIåŠ©æ‰‹ - ChatGPT & Claude (GPT-4, è”ç½‘)"
Wonder Woman  Ultra HD 1366x768,mfckjkngegjgkfdniabobpmjkedekcbf,Wonder Woman  Ultra HD 1366x768
ä¸€å€‹å…è²»çš„ç‡ˆã€‚å…è²»çš„æ¸…æ·¡ã€‚ç”¨ä½œå¤œç‡ˆæ‰‹é›»ç­’ã€‚,dacdieigeclacgkdlmnojihknoblpafo,å…‰
Video Downloader Plus - The fastest and easiest way to download any video from any website.,hkdmdpdhfaamhgaojpelccmeehpfljgf,Video Downloader Plus
Andrzej Mleczko æ˜¯æ³¢è˜­çŸ¥åçš„æ¼«ç•«å®¶ï¼Œä½œå“åŒ…å«æµ·å ±å’Œå¹³é¢è¨­è¨ˆï¼Œä¸éæœ€ç‚ºäººçŸ¥çš„æ˜¯ä»–çš„è«·åˆºæ¼«ç•«ã€‚æ™‚è‡³ä»Šæ—¥ï¼Œä»–å·²ç¶“ç‚ºæ•¸åå®¶é›œèªŒå‰µä½œè¶…éå…©è¬å¹…æ¼«ç•«ã€‚,fgddhjciibknifaafahnnjbpfnepoclm,Andrzej Mleczko
Now view and control the teachers PC/Mac directly on your Chromebook or using your Chrome Browser,gkmieojiabdhoinofaheljgfdpgoldck,Splashtop Classroom
å°†ä¼šè®®è´¹ç”¨æ·»åŠ åˆ° Google æ—¥å†ã€‚ç®€å•ä¸”å…è´¹ã€‚,dohhbojidnhmncdaglfgmjeoonnbgbcc,Google Calendarâ„¢ Meeting Cost
"El plug-in para Chrome con el que puedes apagar tu navegaciÃ³n, sin dejar de navegar.",jgejgchfpcjbnoegbhonmkfanofdcfgb,Lights Out
ä½¿ç”¨ Evernote æ“´å……å¥—ä»¶ï¼Œå°‡æ‚¨åœ¨ç¶²è·¯ä¸Šçš„æ‰€è¦‹æ‰€èå„²å­˜è‡³ Evernote å¸³æˆ¶ã€‚,pioclpoplcdbaefihamjohnefbikjilc,Evernote Web Clipper
BiTab Newtab is Beautiful personal homepage for Google Chrome New Tab - Chrome native newtab,ecdcpcdmgjloljoobfojpoeedeaonega,BiTab New Tab
ç°¡å–®åœ°å¿«é¡¯è¦–çª—ï¼Œè®“æ‚¨è¼•é¬†åœ°é‚„åŸå·²é—œé–‰çš„åˆ†é å’Œè©²åˆ†é çš„æ­·å²ã€‚,kaiblbjjcealhldhdnjhpjmckgclnbca,SimpleUndoRecents
This will close the same websites base on your current page,gogiikgffihaehlgdhjhdkikjpdcfnap,Close Tab
"Gazette ile gÃ¼ndemi yakalayÄ±n, istediÄŸinizi okuyun, iÃ§eriÄŸe yoÄŸunlaÅŸÄ±n ve paylaÅŸÄ±n.
Onlarca gazete bir arada!
KiÅŸiselleÅŸtirilebilenâ€¦",lofpmohebiafjkgikajehbpbfbfkpnhm,Gazette
ç‚ºç€è¦½å™¨æ·»åŠ æ–°åŠŸèƒ½ï¼Œä¸¦æ‰“é€ ç¬¦åˆå€‹äººéœ€æ±‚çš„ç€è¦½é«”é©—ã€‚,ikilndhinhheklnpneanineemijmogbo,Samistine
"Play Subway Surfers Unblocked right on Chromeâ„¢ Browser! Offline and Popup Version, without internet required!",dnefchhjpggpenbginealkolkmagcelf,Subway Surfers Unblocked
VMware Horizon Client for Chrome,ppkfnjlimknmjoaemnpidmdlfchhehel,VMware Horizon Client for Chrome
åœ¨æ“¦æ´—æ•‘ç”Ÿæ‰‹è¡“å’Œç™¼æ®æˆ‘å€‘çš„æ–°çš„é¸æ“‡åœ¨ç·šé†«ç”Ÿå’Œæ‰‹è¡“çš„éŠæˆ²ï¼,dbcpjfcbnligkidppljgoajoelihkkmk,é†«ç”ŸéŠæˆ²
é€šè¿‡å¯è°ƒèŠ‚çš„å±å¹•æ ‡å°ºå¢å¼ºæ‚¨çš„åœ¨çº¿é˜…è¯»ä½“éªŒã€‚æ¯«ä¸è´¹åŠ›åœ°æé«˜æ³¨æ„åŠ›ã€é€Ÿåº¦å’Œç†è§£åŠ›ï¼,bgojfhndbiggndbooboponhfoepaknkd,Pixie Reading Rulerï¼šæå‡é˜…è¯»ç„¦ç‚¹å·¥å…·
Courgle's Course Selection Helper,mcggpejjnbggdinebehabmihecojgpdf,Courgle
"This application is used to send recharge request to any recharge gateway through SMS or GTALK (via GPRS).
User can also manageâ€¦",dnpllemeckdochfjjecgkblobkkkaecf,Skyline Tele System
A Chrome version of ODK Collect for testing/presenting on laptops. Seeâ€¦,ecmofdapngdncjgdpebggmkihnmbnfff,ODK Collect
Death Note Patience 1366x768,kklecaehomohbkmpcigdbkkalplplbme,Death Note Patience 1366x768
Skyrim 1366x768,dbpaghbnbphnjafcmamdjcaieomkoepp,Skyrim 1366x768
Testing Animal Kindergarten,fbblaaobojpjdjbainnhaiadfoadohcp,Animal Math Kindergarten Math Games Free
é ˜å°æ™‚å°šå“ç‰Œ American Apparel çš„ç¸½éƒ¨ä½æ–¼ç¾åœ‹æ´›æ‰ç£¯ï¼Œå› ç‚ºå…¶æ¥µå…·ç…½å‹•æ€§çš„å»£å‘Šã€é®®æ˜çš„æ”¿æ²»è§€é»ï¼Œä»¥åŠã€Œç„¡è¡€æ±—å·¥å» ã€çš„å‹å·¥æ”¿ç­–è€Œèåæ–¼ä¸–ã€‚é€™å®¶å…¬å¸åœ¨å…¨çƒæ“æœ‰å°‡è¿‘ 1 è¬åå“¡å·¥ï¼Œä¸¦ 20 å€‹åœ‹å®¶è¨­ç«‹äº†è¶…é 270 å®¶å°ˆå±¬é–€å¸‚ã€‚,gejbaacdckokghddlhgapklpmlfklfga,American Apparel
æ²’æœ‰å»£å‘Šæˆ–ä¿ƒéŠ·å…§å®¹çš„ LinkedInã€‚,leabdgiabfjhegkpomifpcfjfhlojcfh,AdBlocker for LinkedInÂ®
Dias Pos Chrome uygulamasÄ± ile restaurantÄ±nÄ±zÄ±n yÃ¶netimi ile alakalÄ± her tÃ¼rlÃ¼ iÅŸlemi yapabilirsiniz. YÃ¶netim yetkisine sahipâ€¦,maiiaaicjiipfgcecbhgbhobjghjgefi,Test
"Graze is 1-click follow, favorite, boost, bookmark, and reply for Mastodon, no matter what instance you call home.",epocinhmkcnjfjobnglchpbncndobblj,Graze for Mastodon
äºšé©¬é€Šè´§å¸è½¬æ¢å™¨æ˜¯ä¸€æ¬¾å®æ—¶æ›´æ–°çš„è´§å¸æ±‡ç‡æ¢ç®—å·¥å…·ã€‚,ekekfjikpoacmfjnnebfjjndfhlldegj,äºšé©¬é€Šè´§å¸è½¬æ¢å™¨ â€”â€” Amazon TS
Juuten å¿«é€Ÿçš„ç´€éŒ„é‡é»,fnhndlacbnkkdlgladhkcgoflchnhifb,Juuten: å¿«é€Ÿç­†è¨˜
è‡ªç”±ï¼ Chromeç€è¦½å™¨çš„â€œé«˜ç´šâ€æ¨™ç±¤ã€‚,kiidffnjjolkjcdealpmpfnppekpidno,Google Chromeâ„¢çš„æ¨™ç±¤ç®¡ç†å™¨
ä»€éº¼æ˜¯å®‡å®™çœ‹èµ·ä¾†åƒå°å°ºåº¦ï¼Ÿåœ¨å¤§å°ºåº¦ï¼Ÿ,ooidlchfdlimcgilcmpckfjleogaobka,å®‡å®™çš„å°ºåº¦
"Now you can play Shape Fold Unblocked right on Chromeâ„¢ Browser! Offline and Popup Version, without internet required!",hghpmmhllpflcnmlhildogjelddeaffp,Shape Fold Unblocked
æºä»£ç ï¼Œç”¨äºæ‰©å±•æ˜¯ç”±ä¸€ä¸ªä¸¹éº¦è½¯ä»¶ç¨‹åºè®¾è®¡å¸ˆæ˜¯è°äº¨é‡Œå…‹*Aasted Sorensen.,mjimeeingapecjokhgjonpfipjleijkp,æ‰©å±•çš„å®¡æŸ¥
å…è²»VPN Chromeæ“´å±•æ˜¯åœ¨ç·šå…è²»VPNï¼Œæ²’æœ‰ç”¨æˆ¶è¨»å†Šã€‚,ebldcmdjfokdlhlldbfgljogkjkadoag,Free Vpn Chrome - free vpn proxy
"Rolex can display current time , while the moon can display current phase and position in the sky.",ikcmnakaokjekgbpcapmmcecdphnpbag,rolex and current phase of the moon
Your Name ( anime ) 1920X1080,hefhllnjcpbpgpifkcggcgkkbgfnajij,Your Name ( anime ) 1920X1080
Integration powered by B1 Communications,aahambgppkijakkcaggmadfejdbbeeok,B1 Communications
Easily clear your cache and browser history with the pop-up toolbar.,aehjfglnogcbcokinojofkfhhhakpdbi,BClean - Cache Cleaner & Browser History
é€šéå¤šå€‹æœç´¢å¼•æ“é€²è¡Œæœç´¢ï¼Œåœ¨ç‰¹å®šç«™é»ä¸­æœç´¢ï¼Œæœç´¢ç‰¹å®šæ–‡ä»¶é¡å‹çš„æ–‡ä»¶ç­‰ç­‰ã€‚,jgjineahnbodlpdfhhkmgbeghaieocgd,SearchSK
Chromeæ‰©å±•ç¨‹åº 'Pixel measurement â€” åœ¨çº¿æ ‡å°ºåƒç´ ' - ç›´æ¥åœ¨æµè§ˆå™¨ä¸­æµ‹é‡åƒç´ è·ç¦»,jdkcdajnaldgjmkdkkkgenbgdajaaapa,Pixel measurement â€” åœ¨çº¿æ ‡å°ºåƒç´ 
AiTabæ–°æ¨™ç±¤é ï¼Œé›†æˆAiå°è©±ã€ç¹ªåœ–ã€ç¿»è­¯ç­‰Aièƒ½åŠ›ï¼Œæ‰“é–‹å³ç”¨ï¼Œå·²æ•´åˆChatGPTçµ„ä»¶å…è²»å¯ç”¨,cghihipiiocapopmcmkcgdcmembfhomd,AiTabæ–°æ¨™ç±¤é (å…è²»ChatGPT)
Your Name ( anime ) 1366x768,hlbfoldfmkiobpglhjmmliinoioadamj,Your Name ( anime ) 1366x768
Smart. Simple. Beautiful Theme.,opcahkkobcoekkefacocehmopfpmkpho,Slinky é»ƒé‡‘
è‡ªç”±ï¼ä½¿ç”¨ä¸Šä¸‹æ–‡èœå–®å¿«é€Ÿæœç´¢é¸å®šçš„æ–‡æœ¬ã€‚,mofanilgbgccagapkigfiagbhjffinbg,é¸æ“‡æœç´¢Google Chromeâ„¢
"é„­é˜¿è²“ç•«ç”Ÿæ´» ä½œå“: ç”·çˆµ

é„­é˜¿è²“é¦–æ¬¡ç·šä¸Šå€‹å±•
http://eqxiu.com/?#/my/scene/4850231#collectData

å¾®ä¿¡è™Ÿ wejeunesse å¾®å©•æ–¯æä¾›",bmhnabnkknljjkejngknnfmdpbjeifkk,ThemeBeta.com
Play Earn To Die right on Chromeâ„¢ Browser! players must navigate their automobiles through an oncoming zombie apocalypse,ddomogpogjgpddclngpfdmdipnddojkp,Earn To Die Unblocked
Crowdsourcing titles and thumbnails to be descriptive and not sensational,enamippconapkdmgfgjchkhakpfinmaj,DeArrow - Better Titles and Thumbnails on YouTube
Customize Tabs by Color for Google Keepâ„¢,alglabpcajimijhpanckefbmpmamlnpe,Tabs for Google Keepâ„¢
å¤©ç©ºçš„åœ°åœ–æ˜¯ä¸€å€‹å¤©æ–‡é¤¨ã€‚çœ‹çœ‹æ˜Ÿåº§ã€ æ’æ˜Ÿã€ æ˜Ÿç³»å’Œæ˜Ÿé›²ä½¿ç”¨è°·æ­Œåœ°çƒçš„å¤–æ›ç¨‹å¼ã€‚,dlnjlajbdnhgcdeljgbhkiaodefepnpf,å¤©ç©ºåœ°å›¾
Tetriss is Brick Game classic. Now you can play right on Chromeâ„¢ Browser! Offline and Popup Version!,ihkigicfhdecdmcejfohfjikdgglnmdm,Tetriss
"1. æ•™å¸«ä¸»æ§ç«¯æ”¯æ´Chrome OSã€Macã€ä»¥åŠWindowsç³»çµ±ï¼Œå­¸ç”Ÿå—æ§ç«¯æ”¯æ´å·²ç™»å…¥ä¹‹Chromebookã€‚
2. å¯è¼‰å…¥æ•™å¸«Google Classroom é–‹èª²è³‡è¨ŠåŠä¸Šèª²å­¸ç”Ÿæ¸…å–®ï¼Œä¸¦å¯ç”±æ•™å¸«ä¸»æ§ç«¯ä¸€è¦½ä¸Šç·šå­¸ç”Ÿå—æ§ç«¯ä¹‹è¢å¹•ç•«é¢ã€‚
3.â€¦",ggopndlojiiidkhpagipcjgdinefpoeb,ClassroomGo Student å»£æ’­ç³»çµ±(å­¸ç”Ÿ) By GTrainers.org
force specific tabs to target urls,nfgpaaokdnnlleogndmciopiijnjmjim,Chrome force to url link
è‡ªç”±åŒ¯å‡ºæ‰€éœ€è¦çš„æ›¸ç±¤ç‚º HTML æª”æ¡ˆ,dkbihgadoohejmlhpffffbmbhmkhjbfi,Selective Bookmarks Export Tool
"Now you can play Naruto Run Unblocked right on Chromeâ„¢ Browser! Offline and Popup Version, without internet required!",dinjnbecdeoffbnholnmdbbfcohiglhd,Naruto Run Unblocked
TweetFilter,momiaiinhaolkhmgaknaahdneicjeifd,TweetFilter
ç‚ºç€è¦½å™¨æ·»åŠ æ–°åŠŸèƒ½ï¼Œä¸¦æ‰“é€ ç¬¦åˆå€‹äººéœ€æ±‚çš„ç€è¦½é«”é©—ã€‚,eacmnbgmcanokcjafnpeioioipejpeaj,ZEP2
ä»£è²·å¹«å¿«é€Ÿæ‰¹è²¨è¼”åŠ©å·¥å…·,kpgojfghnknbjlgjmomjcmikfanfebmm,ä»£è²·å¹«å¿«é€Ÿæ‰¹è²¨è¼”åŠ©å·¥å…·
æ”¯æ´ä½¿ç”¨è‰²å½©é¸æ“‡å™¨ä¾†é¸å–ç•«é¢ä¸Šçš„ç‰¹å®šé¡è‰²ï¼Œä»¥åŠå‰ªè²¼ç°¿æ“ä½œ (ä¾‹å¦‚ï¼šè¤‡è£½åŠè²¼ä¸Šæ–‡å­—)ã€‚,odamfmfcmgcaghpmeppfiaaafahcnfbc,Synology Office Extension
ä¸€ä¸ªè·å¥–ç©å®¶æ˜¯ä¸€ä¸ªï¼Œè°å»ºç«‹äº†ç¬¬ä¸€ä¸ªäº”å¹´ä¸­ï¼Œä¸€æ’ã€‚,nhhdgipkbgjblbgjlbakfffjbffpdblo,äº”å­æ£‹
A simple bookmark sidebar that stays open while your browse,lbnegejhdjianfmbancpeflnkbfollfi,Sidecar Bookmarks Sidebar
ä½ ä¸Šæ¬¡çš„é ç°½ï¼Œå“”å“©å­å•¦å“”å“©å­å•¦å“”å“©å­å•¦â€¦â€¦,ienkklcnakbadapndalaidhcefjmeepo,ä½ ä¸Šæ¬¡çš„é ç°½
ç›´æ¥å¾ç€è¦½å™¨å·¥å…·åˆ—å°±å¯ä»¥è²¼æ–‡åˆ° Tumblrï¼,ffnhmkgpdmkajhomnckhabkfeakhcamm,Tumblr â€“ è²¼æ–‡åˆ° Tumblr
Merge all opened windows to tabs of one window,abbgaomcmgneijcdbmgndmekpdknpinl,1click Merge Windows
xxxxxxxxxxxxxxxxxxxxxxxxxxxxxxx,fdkhkdkhmcfndjlldfheelapplkfkjaa,xxxxxxxxxxxxxxxxxxxxxxxxxxxxxx
ä¿éšœæœç´¢äº‘ç«å“å¯¹æ¯”å¹³å°éƒ¨åˆ†ç«å“æ­£å¸¸æ˜¾ç¤º,lpgpgegkdfkaihkjnlcekhdeicadgacl,æœç´¢äº‘ç«å“å¯¹æ¯”å¹³å°æ’ä»¶
ClassK12: Practice and Assignments for any K-12 Classroom or Home User,jmneanlllodnlkobpfebkmbmimhfhlae,ClassK12 Practice & Assignment
æµæ”¾è€…åº«å­˜ç®¡ç†å™¨çš„è·¯å¾‘å¯å¹«åŠ©æ‚¨æ ¹æ“šå…¶çµ±è¨ˆä¿¡æ¯æˆ–åç¨±å¿«é€ŸæŸ¥æ‰¾ç‰©å“ã€‚,heigccodaclmiedadhlocmkfcjplkpoc,æµäº¡åº«å­˜ç®¡ç†è€…çš„è·¯å¾‘
"Fruit Ninja Unblocked is a best game you can play right on Chromeâ„¢ Browser! Offline and Popup Version, without internet!",kgmajpgjieiieeeblodcchgpcahgennp,Fruit Ninja Unblocked
"AplikÃ¡cia, ktorÃ¡ na Androidu a iOS vzbudila svetovÃ½ rozruch; obzvlÃ¡Å¡Å¥ na LitomÄ›Å™icku.â€¦",oakldplpikjlpfaapngdokfinnhfbnji,VeÄ¾kÃ½ slovnÃ­k cudzÃ­ch slov
ä¸€æ¬¾å¥½ç”¨çš„ä¸‹è¼‰ç®¡ç†æ“´å±•,fmgaogkbodhdhhbgkphhbokciiecllno,ä¸‹è¼‰ç®¡ç†Proç‰ˆ
"Welcome to the game that is about timing and visual connection. We are always trying to smash the Crab In A Barrel Mentality, nowâ€¦",ficfpjdhemmmfjgjepcfpllipkijlhnf,GetSmashed
Terminal emulator and SSH and SFTP client.,pmdmmbcidfbacdcnpbpldbhpeoknckme,Legrand tunnel
Pirates Dead Men Tell No Tale 1920x1080,mgghekhgeoddilhkjllchhmpdenpncmd,Pirates Dead Men Tell No Tale 1920x1080
The IG likes Export tool made for people who want to export likes from Instagram into Excel with Ease.,lobpndfmfcinldoicffplialdlfcdoci,IG Likes Exporter - Export IG Likes
åŒæ­¥å¹³å°è³‡è¨Šè‡³é˜¿é³é›»å•†ç¶“ç‡Ÿå·¥å…·,jfceclgpodnfglfelhlodnklpmfikoag,é˜¿é³ å¹³å°è³‡è¨ŠåŒæ­¥å·¥å…·
é»‘å­çš„ç±ƒå­å£ç´™æ“´å±•ç¨‹åºé‡æ–°å®šç¾©äº†æ‚¨çš„Chromeæ–°æ¨™ç±¤é æˆç‚ºé»‘å­çš„ç±ƒå­çš„èƒŒæ™¯å£ç´™ã€‚é»‘å­çš„ç±ƒå­ç²‰çµ²çš„ä¸»é¡Œã€‚,dmkaicigobpheemcnpodebbhbonjlcgh,é»‘å­çš„ç±ƒå­å£ç´™é«˜æ¸…
Blog about WebApp CYIM,goojbhegjhmbhcdpbcpkbijhehhfoiac,WebAPP CYIM
Counter Strike Global Offensive 1920X1080,ffiedlpgknkoifbkkgaoiebmefcmogof,Counter Strike Global Offensive 1920X1080
è‡ªç”±ï¼å‡è¡¡å™¨è²éŸ³å°±åœ¨æ‚¨çš„ç€è¦½å™¨ä¸­ã€‚,omobmjpbljcbgdppgjfmmennpjpgokch,é©ç”¨æ–¼Google Chromeâ„¢çš„Bass Boost
"Access to all artificial intelligence apps like ChatGPT, Bing AI, Google Bard and more in a single Sidebar. Get the best AI.",kdaafcdfdmmkickmajigjaicaclnhbgi,Multi AI Sidebar
ç‚ºç€è¦½å™¨æ·»åŠ æ–°åŠŸèƒ½ï¼Œä¸¦æ‰“é€ ç¬¦åˆå€‹äººéœ€æ±‚çš„ç€è¦½é«”é©—ã€‚,,Chrome Web Store
Avira å¯†ç¢¼ç®¡å®¶èƒ½å¤ å„²å­˜ã€ç®¡ç†ä¸¦åŒæ­¥æ‚¨åœ¨æ‰€æœ‰è£ç½®ä¸Šçš„æ‰€æœ‰å¯†ç¢¼ã€‚,caljgklbbfbcjjanaijlacgncafpegll,Avira Password Manager
Helperbox Ad Blocker,kiemmonleeoeciaimlahfbehmeponiob,Helperbox Ad Blocker
League of Legends Yasuo 1920X1080,kleglilijakpcjjldaldjfolagnomaej,League of Legends Yasuo 1920X1080
ä½¿ç”¨æœƒè­°æ“´å±•ç¨‹å¼èˆ‡æ‚¨çš„åœ˜éšŠé€²è¡Œå¯¦æ™‚å”ä½œå’Œäº¤äº’ã€‚,egfcldmlhgaeoeihpfbjeogedcmckbkd,Mitelæœƒè­°æ“´å±•ç¨‹å¼
Mother's Day 1366x768,nefkaakanahglcoghjdfcidhidheblik,Mother's Day 1366x768
Harry Potter 1366x768,gocjcjlomgicpbnnndogeloallkgnlik,Harry Potter 1366x768
This extension help you to get sharedposts,jhgjhncplhbjpdlgpenfmojcicihhcoe,Fanpage likes
é˜²å‚™å»£å‘Šå’Œå½ˆå‡ºå¼è¦–çª—ä¹‹ç„¡èˆ‡å€«æ¯”çš„å»£å‘Šå°é–æ“´å……åŠŸèƒ½ã€‚å°é–æ–¼ Facebookã€YouTube å’Œæ‰€æœ‰å…¶å®ƒçš„ç¶²ç«™ä¸Šä¹‹å»£å‘Šã€‚,bgnkhhnnamicmpeenaelnjfhikgbkllg,AdGuard å»£å‘Šå°é–å™¨
"One Click URL Shortener. Create links with Bitly, TinyUrl, is.gd, to.ly or goo.gl. QR Code, fast copy paste for Google Chrome.",ghkafclcjholabkaldcjpcojoegcfdcl,URL Shortener Plus
Use WhatsApp Automation Tool to connect with your customers by sending bulk messages.,onohcnjmnndegfjgbfdfaeooceefedji,WAPI - å…è´¹å¤§é‡ç™¼é€å€‹æ€§åŒ–æ¶ˆæ¯
è©¦ç”¨å¸³è™Ÿ:demo å¯†ç¢¼:123456. é€™æ˜¯ä¸€å¥—ä»¥é›²ç«¯ç‚ºåŸºç¤çš„è·¨å¹³å°æ™ºæ…§å¸³å‹™å·¥å…·ã€‚åŒæ™‚ä¹Ÿæœ‰iOSåŠAndroid Appï¼Œè®“æ‚¨éš¨æ™‚éƒ½èƒ½æŒæ¡å€‹äººè²¡å‹™ç‹€æ³ã€‚,infejmjlkbbbmkdpcphhngflcjiapbmo,Cloud Account è¨˜å¸³é›²
å»ºç«‹ã€ç·¨è¼¯èˆ‡å…±ç”¨ Excel å·¥ä½œè¡¨ã€‚èˆ‡ä»–äººå³æ™‚å…±åŒå·¥ä½œã€‚,iljnkagajgfdmfnnidjijobijlfjfgnb,Excel Online
ç©BMXæœ€æ–°çš„éŠæˆ²æœ‰å¾ˆå¤šæ–œå¡å’Œç®¡é“ã€‚ç¾ç”²å†·ç©ºæ°£æŠ€å·§å’Œç ”ç£¨åœ¨æˆ‘å€‘çš„çœŸæ£’BMXéŠæˆ²è»Œï¼,mmogbcbijnogmeeafmaokianbpkmegma,å°è¼ªè»Šæ¯”è³½
Integration powered by Vested Networks,aohghaopmccniniecipajopgbjbmljii,Vested Networks
å…è¨±æ‚¨å¾ç€è¦½å™¨ä½¿ç”¨ Cisco Jabber æ’¥è©±,gkdkpnimfmkkhlffjbijibpoimhihjea,ä½¿ç”¨ Jabber é€šè©±
é©ç”¨æ–¼Googleé›²ç«¯ç¡¬ç›¤çš„å¤šèªè¨€è™›æ“¬éµç›¤,aceblobdfablenlfoahafmgoglpagmog,é©ç”¨æ–¼Google Driveâ„¢çš„å¤šèªè¨€éµç›¤
Watch your history with thumbnails of the page you visited,aaeiploobnfomicfnoloiejlcnagjapl,1Click History with thumbnails
è¼•é¬†æŸ¥æ‰¾ä¸­æ–‡å­—æ„ã€‚ View Chinese definitions easily when browsing.,aihifbidnaepclhnfppjnpbmeonhhloa,èŒå…¸ moedict
æˆ‘çš„å°é¦¬é§’éŠæˆ²ï¼è®“é€™å€‹å°å°é¦¬ç¥å¥‡å¤šè‰²å½©è™¹å°¾å·´ï¼Œçš®è†šå’Œé¬ƒæ¯›éƒ½æ˜¯ä½ çš„ï¼,nkianmoidkmofccjjemdlchohgfjbkml,æˆ‘çš„å°é¦¬é§’éŠæˆ²
æŠŠ Flash é‡æ–°å¸¶å›ç¾ä»£ç€è¦½å™¨ã€‚,donbcfbmhbcapadipfkeojnmajbakjdc,Ruffle - Flash Emulator
AIå›¾åƒç”Ÿæˆå™¨ï¼Œå†…ç½®Midjourneyç­‰å¤šç§å›¾åƒæ¨¡å‹ï¼Œè¾“å…¥æ–‡å­—æè¿°å³å¯å°†è·å¾—æƒŠè‰³çš„å›¾åƒç´ æï¼Œæå‡æ‚¨çš„åˆ›ä½œæ•ˆç‡å’Œè´¨é‡ã€‚,nphnjjbohmfkjbphbddjmnddjfiflkme,å…è´¹AIç»˜å›¾ç¥å™¨ - JourneyDraw
This extension allows users to add additional emotes to the Kater forum,mmncjllnohjoidpfikokijhdpfahnjkc,Kater em
å…è²»ã€å¿«é€Ÿã€è¶…å®‰å…¨ä¸”æ˜“æ–¼ä½¿ç”¨çš„ Adblocking VPN ä»£ç†ã€‚ä½¿ç”¨ Ping VPN äº«å—ç„¡é™æµé‡å’Œå¸¶å¯¬ã€‚,hlljcjhgaafngcnjidcjekablaojhfcf,Ping VPN - å¸¶æœ‰å»£å‘Šæ””æˆªå™¨çš„å…è²» VPN ä»£ç†
"HoYoLab éŠæˆ²æ¯æ—¥çå‹µè‡ªå‹•ç°½åˆ°ï¼Œå¯è‡ªè¨‚èª¿æ•´ç°½åˆ°æ™‚é–“ã€‚
â€»è«‹è¨˜å¾—å…ˆç™»å…¥ HoYoLab éŠæˆ²å¸³è™Ÿã€‚",plkcpgjhddblljdmnjmknbmampjlaimj,å´©å£3RDã€æ˜Ÿç©¹éµé“HoYoLabè‡ªå‹•ç°½åˆ°
åœ¨ Chrome æ“´å……åŠŸèƒ½ä¸­æ’­æ”¾ Cookie Clicker Original-ä¹Ÿå¯ä»¥åœ¨æ²’æœ‰ç¶²çµ¡çš„æƒ…æ³ä¸‹æ’­æ”¾ï¼Œç¾åœ¨è©¦è©¦çœ‹ï¼,bddakacdgkmlokfmokgnhdhffhnlnbal,Cookie ClickeråŸç‰ˆ
Mass Effect Andromeda 1366x768,jnpgeipljlpnfcheabdcjcogjkhghgnd,Mass Effect Andromeda 1366x768
The Witcher 3 Wild Hunt 1920X1080,ohcelhlmfdgmmhjkggioccgfjooacejc,The Witcher 3 Wild Hunt 1920X1080
ä»¥ Chrome æ“´å……åŠŸèƒ½ç© Monkey Mart å®˜æ–¹éŠæˆ² - ä¹Ÿå¯ä»¥åœ¨æ²’æœ‰ç¶²è·¯çš„æƒ…æ³ä¸‹ç©ï¼Œç«‹å³å˜—è©¦ï¼,fcjpodgkddgjigofmibohiedfcalodoo,Monkey Mart å®˜æ–¹éŠæˆ²
å‘Šè¨´ä½ ç¸½çµ±åå­—çš„æ­£ç¢ºç™¼éŸ³,bbachhajmlpabgiegpgpakeamcdfkfdc,English ã„˜ã„¨ã„šË‹
"Block YouTubeâ„¢ ads,pop-ups & fight malware!Experience YouTube ad-free with our Adblock Chrome extension.",kfcdniokcciaeklbdeggjpnefacboinb,Youtube Adblock
å…è²»åœ¨ç·šä¸Šç©åœæ£‹,ebfiohgpinpklbmcakgonpihiomilaeo,åœæ£‹
"This is a simple logical game with diagrams.
Check your brainpower with this.

There are 250 stages.
Try to solve all problems.â€¦",pbllkmpamacmjalhjlhdncmikifghagp,Block Eraser
Add the create action screen into your Google calendar event.,oaiipogifppkbooedjiacjmjdehclmci,Sateraito Office Cloud CRM for Google Workspace
Clean browser hisotry,ilghdkjehljecjkhbllonjgkbkccmhpl,Cleaner History Browser
Merge all opened windows to tabs of one window,beahjbfpaiiahgeoobgopijhbaohnenc,1click Merge Windows
æš‚åœæ‚¨ä¸ä½¿ç”¨çš„é€‰é¡¹å¡ä»¥èŠ‚çœå†…å­˜ä½¿ç”¨é‡å¹¶ä½¿æ‚¨çš„è®¡ç®—æœºè¿è¡Œå¾—æ›´å¿«ã€‚ å‡å°‘è®¾å¤‡å’Œç”µæ± çš„è´Ÿè½½ã€‚,laameccjpleogmfhilmffpdbiibgbekf,Tab Suspender
æ‚¨å¯éš±å¯†å®‰å…¨åœ°éš¨æ„ç€è¦½,flliilndjeohchalpbbcdekjklbdgfkk,Avira ç€è¦½å™¨å®‰å…¨æ€§
Vocaloid 1920X1080,cdmpopdldicmkcifappgciknglcnmefg,Vocaloid 1920X1080
æª¢æŸ¥æ–‡ç« çš„èªæ³•ã€æ‹¼å¯«æˆ–æ¨™é»ç¬¦è™ŸéŒ¯èª¤ã€‚ç”¨é¢¨æ ¼æç¤ºå’ŒåŒç¾©è©å»ºè­°ä¾†æ½¤è‰²ä½ çš„å¯«ä½œï¼,dmngfggkdcjejjgbfemebfomkphgcena,Typeright: Grammar & Spelling Checker
"Free  game for kids.  Happy Frog game for all generations, easy playing. Just feed the frog with flies.  Your frog is sitting andâ€¦",jdkihapfgeemhalgghocleebncnldghe,Happy Frog
Vocaloid 1920X1080,bhecacabjhlnlgpldpbjlmoddnnjhkpi,Vocaloid 1920X1080
One Piece  Ultra HD 1920x1080,jehehpjndaanamggdghecmcnpbchfbfg,One Piece  Ultra HD 1920x1080
é˜²å½ˆå°‘å¹´åœ˜Vé‡‘æ³°äº¨å£ç´™æ“´å±•ç¨‹åºé‡æ–°å®šç¾©äº†æ‚¨çš„Chromeæ–°æ¨™ç±¤é æˆç‚ºé˜²å½ˆå°‘å¹´åœ˜Vé‡‘æ³°äº¨çš„èƒŒæ™¯å£ç´™ã€‚é˜²å½ˆå°‘å¹´åœ˜Vé‡‘æ³°äº¨ç²‰çµ²çš„ä¸»é¡Œã€‚,gpgncigjhhcpcpelopkpeceodkdhfnem,é˜²å½ˆå°‘å¹´åœ˜Vé‡‘æ³°äº¨å£ç´™é«˜æ¸…
éµç›¤å¿«æ·éµå¯å¿«é€Ÿå•Ÿå‹•å­¸ç¿’è¼”åŠ©æ‡‰ç”¨ç¨‹åºï¼šQuizletï¼ŒBrainlyã€‚,ahnccfilkampfhbidmegekmngbekakee,éµç›¤å•Ÿå‹•å™¨ï¼Œç”¨æ–¼ç ”ç©¶è‰¾æ»‹ç—…
å‡è¡¡å™¨ã€é˜»æ­¢ã€åˆ†ç»„å’Œè¿‡æ»¤ YouTube é¢‘é“ã€åˆ†æã€å°†ä¿¡æ¯å¯¼å‡ºåˆ° Excel ç­‰ã€‚,hopcbmeplpekjenhhkiceeeaeoeoaona,YouTubeâ„¢ä¸“ç”¨Channel groups and ratingæ‰©å±•ç¨‹åº
ä¸€å€‹ç°¡å–®çš„æ“´å±•ç¨‹åºï¼Œå¯ä»¥æ”¹å–„åœ¨æ¡Œé¢ä¸Šä½¿ç”¨Facebookæ™‚çš„ç”¨æˆ¶é«”é©—ã€‚,pgaaplkccmgbkncfaeiekjlbchmmciak,Facebookâ„¢å•Ÿå‹•å™¨
Persona 5 1920X1080,jhlofndphnfkghlgphbkgbmaaenogkdj,Persona 5 1920X1080
Turns your computer into a real time wireless keyboard for your iPhone,ckdooklhlddhggkeeciijbmnoikplfgh,TextSync - Computer as iPhone keyboard
"Simply move the square to the X... again! But now there's double-doors, collapsible floors, and switches. Plus, get medals forâ€¦",bclkjlcjdfpgodapjlnljdogheanjapa,Open Doors 2
ç‚ºæ¯å€‹ç¶²ç«™æä¾›æ·±è‰²æ¨¡å¼ã€‚ä¿è­·æ‚¨çš„çœ¼ç›ï¼Œä½¿ç”¨ Dark Reader é€²è¡Œå¤œé–“å’Œæ—¥é–“ç€è¦½ã€‚,eimadpbcbfnmbkopoojfekhnkhdbieeh,Dark Reader
"The classic text adventure games Bedlam, Raaka-Tu, and Pyramid 2000 ported to Android (and now Chrome). The Tandy Color Computerâ€¦",pbcoaaajbfckabdfiijconeaihfajibb,CoCo Text Adventures
ç© Chrome ç‰ˆå…è²» Stickman Hook ä½œç‚º Chrome æ“´å……åŠŸèƒ½ - ç¶“å…¸å¾©å¤è¶³çƒéŠæˆ²ï¼,jijpgflfeklpbmmeamjdmgcenmljmaln,Chrome éŠæˆ²çš„ Stickman Hook
Speed Test allows to test the internet speed in a browser. Test the speed of internet connection,bgdllkogfkdjdpaholocflnnabbgjjdc,Speed Test - Test the Internet Speed
æŸ¥è©¢æ˜¯æ—¥å‹‡è€…é¤å–®ä¸¦è·Ÿä½ çš„æœ‹å‹åˆ†äº«,fflapemlcnocgjillcjgkgfpnfainnoc,å‹‡è¨˜å†°å®¤ - æ˜¯æ—¥å¿«é¤
æ‹æ‘„åœ°çƒä»ªç”¨é¼ æ ‡ï¼Œæœç›¸åŒé¢œè‰²çš„åœ°çƒä»ªåœ¨æ­¤ç¥–é©¬çŠ¶æ‹¼å›¾åŸºã€‚å¿«ç‚¹ï¼,akfgoagphjplhaekaplmpelbjihfaehk,åœ°çƒä»ªè¡Œ
ä½¿ç”¨ç¶²è·¯æ”å½±æ©Ÿæ‹ç…§è·ŸéŒ„å½±ï¼Œä¸¦è‡ªå‹•å°‡æª”æ¡ˆä¸Šå‚³åˆ° Google é›²ç«¯ç¡¬ç¢Ÿ,lhcnbocbalolokdppbnnamdhpclimhoa,OKIOCAM Snapshot and Recorder
ç°¡å–®çš„æ–¹æ³•ä¾†æŸ¥çœ‹ä½ çš„çœŸå¯¦ IPåœ°å€ï¼,ikbgmfgkdplpkdnamkjbdanfcgfeejmg,æˆ‘çš„IP
ç»“åˆç›¸åŒçš„å—ï¼Œä»è¡¨ä¸­åˆ é™¤å®ƒä»¬ã€‚ç¥ä½ å¥½è¿ï¼Œç©å¾—å¼€å¿ƒï¼,koaoomcdpjdbomceokfkgokojoaiadal,éº»å°†èŠ±å›­
ä½¿ç”¨èªéŸ³è­˜åˆ¥å¡«å¯«ä»»ä½•è¡¨æ ¼ï¼Œä¸¦ç”¨èªéŸ³å’Œæ–‡å­—å£è¿°é›»å­éƒµä»¶ã€‚ä½¿ç”¨è‡ªå®šç¾©èªéŸ³å‘½ä»¤æ§åˆ¶äº’è¯ç¶²ï¼,nabkmoilefdjaomjhjbobkklkikooapi,èªéŸ³è­˜åˆ¥ç„¡è™•ä¸åœ¨ 365
å…è²»å°‡PDFè½‰æ›ç‚ºOCRã€‚,ieoikjkdmebdemlicbkkafilfpipkopb,PDFè½‰OCR
Norton Family å¯å”åŠ©ä¿è­·æ‚¨çš„å­©å­å®‰å…¨ä½¿ç”¨ Internetã€‚,napjheenlliimoedooldaalpjfidlidp,Norton Family
"Esta aplicaciÃ³n permite localizar en el mapa las iglesias catÃ³licas y visualizar datos de cada una de ellas, incluyendo losâ€¦",jpkmchfdlollepfgglddlodfglkkffnd,Horarios de Misa
"Star Luster Games right on Chromeâ„¢! Offline and Popup Version, free on unblockedgames.ee",higpfaldigcacmnajdlbkkelmkgghhlk,Star Luster - Unblocked Games
å°ç£æˆ¿å±‹å®˜æ–¹ç¶²ç«™æä¾›æ•¸è¬ç­†ç²¾é¸æˆ¿å±‹ï¼Œç·šä¸Šå½±éŸ³çœ‹å±‹ï¼Œæ•¸åé …ä¾¿åˆ©è²·è³£æˆ¿å±‹åŠŸèƒ½ï¼Œç¨å‰µå¤§é›²ç«¯æ¯”è¼ƒå¼æœå°‹å¼•æ“ï¼Œæ”¿åºœå¯¦åƒ¹ç™»éŒ„æˆ¿åƒ¹åˆ†æï¼Œæä¾›è²·è³£å±‹è³‡è¨ŠåŠç›¸é—œæ–‡ç« ï¼Œä¸ç®¡æŠ•è³‡æˆ¿åœ°ç”¢æˆ–é¦–æ¬¡è³¼å±‹éƒ½å¿…é€›çš„é¦–é¸ç¶²ç«™,acklpanpnfpafjibjifdkabjkmjcnnoj,å°ç£æˆ¿å±‹
ã€ŠVectorfunkã€‹æŠ½è±¡å¹¾ä½•ã€‚Matt W. Moore è£½ä½œ (MWM å¹³é¢è¨­è¨ˆ)ã€‚ç¾åœ‹ç·¬å› å·æ³¢ç‰¹è˜­ã€‚,dhfnkfaeekjcmeadbdcohacjdjdmlmia,Matt W. Moore
ä½¿ç”¨è°·æ­Œç¿»è¯‘ç¿»è¯‘é€‰å®šçš„æ–‡æœ¬ã€‚ æŸ¥çœ‹ç¿»è¯‘å¹¶å­¦ä¹  103 ç§è¯­è¨€çš„å•è¯ã€‚,icchadngbpkcegnabnabhkjkfkfflmpj,ç¿»è­¯
è‹¥ç¶²é ç”±éæœŸç‰ˆæœ¬çš„WordPressã€Joomlaã€MediaWikiæˆ–å…¶ä»–ç¶²çµ¡è»Ÿé«”ç”Ÿæˆï¼Œé¡¯ç¤ºè­¦ç¤ºã€‚,fahebfpoehlhpngkmdgldkkilflkelbl,Meta Generator Version Check
ç¾åœ¨æ˜¯æ™‚å€™çŸ¥é“èª°æ˜¯ä¸–ç•Œä¸Šæœ€å¥½çš„çƒéšŠåœ¨è¶³çƒå ´ä¸Šçš„å‰å¤§çš„ä¸–ç•Œã€‚,ijblbdhacbibpcaahmpeeeopiacpkkii,ä¸–ç•Œæ¯é»çƒå¤§æˆ°
å³éµå–®æ“Šå°‡åœ–åƒä¿å­˜åˆ°Googleç›¸å†Š,flhfmkobpkfidkgnnjcglmhpjghllggm,å°‡åœ–åƒä¿å­˜åˆ°Google Photosâ„¢
Chromeç”¨è¦–é »ä¸‹è¼‰å™¨æ˜¯ä¸€å€‹ç°¡å–®çš„å·¥å…·ï¼Œå…è¨±ç”¨æˆ¶åªéœ€é»æ“Šå¹¾ä¸‹å°±å¯ä»¥è¼•é¬†ä¸‹è¼‰ä¾†è‡ªç¶²ç«™çš„è¦–é »ã€‚,ignghjdjmgleolgiaifohmdlnbjklkij,Chromeç”¨è¦–é »ä¸‹è¼‰å™¨
The Witcher 3 Wild Hunt 1366x768,eogmcdbjjekcaaabedogcglndnfilngd,The Witcher 3 Wild Hunt 1366x768
CRM Integration Powered by Voxtell,jejfeiognhdaophbfcfcgiaalngaoohd,Voxtell
Inspired by nCage.  It replaces all of your images by Kemono Friends,pfeabhccnkpilbkjncnndoahffhjgkak,nKemono
ä½¿ç”¨ã€Œè£½ä½œäºŒç¶­ç¢¼æ“´å……åŠŸèƒ½ã€è¼•é¬†å»ºç«‹äºŒç¶­ç¢¼ï¼Œå¿«é€Ÿç”¢ç”Ÿæˆ–æƒæäºŒç¶­ç¢¼ã€‚è®“äºŒç¶­ç¢¼æ“æœ‰æ‚¨æ‰€éœ€çš„ä¸€åˆ‡ã€‚,deopicagaidbnhlkaljddikdidmhkdlg,è£½ä½œäºŒç¶­ç¢¼
"For all languages

Title from package

Test Theme 2021
Summary from package",cggpjbmbcafgacmbmncilondnanfdbdc,Test Theme 2021
ä½¿ç”¨1click VPNä»£ç†æä¾›çš„å¿«é€Ÿï¼Œå®‰å…¨ä¸”æ˜“æ–¼ä½¿ç”¨çš„VPNæœå‹™ï¼Œä¿è­·éš±ç§ï¼Œéš±èº«ï¼Œè§£é–ç¶²è·¯è‡ªç”±ã€‚,fcfhplploccackoneaefokcmbjfbkenj,Free VPN for Chrome - VPN Proxy 1clickVPN
Use your keys to compose songs.,iakdlnnobkapndjoemnnggjkoohablje,Keyposer
Skyrim Sword 1366x768,lknifhnhiclljaadcjmkimlncmgndjgj,Skyrim Sword 1366x768
æœ€å¥½çš„ä¹¦ç­¾ç®¡ç†å™¨ï¼Œç¾è§‚çš„é¡µé¢ï¼Œæ”¯æŒæ–°å¢ã€æ‹–åŠ¨ã€ä¿®æ”¹ã€åˆ é™¤ç­‰åŠŸèƒ½ã€‚,kngfehiihhhogmmdkfpgilhabflhmiai,ä¹¦ç­¾ç®¡ç†å™¨ - æ ‘å½¢ç»“æ„é¢æ¿ã€æ™ºèƒ½æœç´¢èœå•å·¥å…·
Elli PiP lets you watch videos anywhere on your desktop in a separate convenient window.,ihfbkckbgcpdegdemkocphjcnklgnbcf,Elli PiP
é€šé3ç¨®è¦–è¦ºåŠŸèƒ½æ”¹å–„äº†Google Meetâ„¢é«”é©—,fondjoepdngpdimiojnpikbajiakobhb,Google Meetâ„¢çš„è¦–è¦ºå¢å¼·
åœ¨ç¶²é ä¸Šä¸å†çœ‹åˆ°ä¾µæ“¾çš„å½±ç‰‡ã€å½ˆå‡ºå¼ã€æ’æ’­å¼å’Œæ©«å¹…ç­‰å»£å‘Šã€‚,pmekfefnodgilnnjcfkkdjlebokonhpm,Trend Micro Ad Blocker: å¼·å¤§çš„å»£å‘Šå°é–ç¨‹å¼
ä¸€å€‹å¯è‡ªå®šçš„æ–°åˆ†é é é¢ï¼Œæ“æœ‰å°å·¥å…·å’Œç¾éº—çš„èƒŒæ™¯,laljofodhebajcajogbolahbjdcnfgkf,Renewed Tab
ç‚ºä½ çš„æ–‡ç« å¢åŠ 100å€‹æ„›å¿ƒï¼,lgpkoedloljebmpngbcllblfdghifhhn,Dcardæ„›å¿ƒ
åˆ†å±ä½¿æ“ä½œè®Šå¾—ç°¡å–®ã€‚å°‡â€œç•¶å‰â€é¸é …å¡å’Œâ€œé¸é …å¡â€èª¿æ•´ç‚ºâ€œå³â€ï¼Œä»¥èª¿æ•´ç‚ºå–®ç¨çª—å£ä¸­çš„ä½ˆå±€ã€‚å¸¶å¤šé¡¯ç¤ºå™¨æ”¯æŒã€‚,ahnjigphfndcdkalmabbgppipfpelebb,èª¿æ•´Google Chromeâ„¢æ¨™ç±¤çš„å¤§å°
éŸ³é »é™åˆ¶å™¨ï¼ŒéŸ³é‡æ§åˆ¶å’ŒéŸ³æ•ˆ,akofeegpkdihaikifokhbilkaipgjboe,éŸ³é »å‡è¡¡å™¨
å»ºç«‹ã€ç·¨è¼¯èˆ‡å…±ç”¨ Word æ–‡ä»¶ã€‚èˆ‡ä»–äººå³æ™‚å…±åŒå·¥ä½œã€‚,fiombgjlkfpdpkbhfioofeeinbehmajg,Word Online
Mass Effect Andromeda 1920X1080,deifipjnilkmigdamljohlaobbbpbbnk,Mass Effect Andromeda 1920X1080
ç‚ºç€è¦½å™¨æ·»åŠ æ–°åŠŸèƒ½ï¼Œä¸¦æ‰“é€ ç¬¦åˆå€‹äººéœ€æ±‚çš„ç€è¦½é«”é©—ã€‚,,Chrome Web Store
Cloudworx CRM Integration,mmbdgocgdhbfdeggpclokokhmdgnofjg,Cloud Connect
Infinityæ–°åˆ†é Proè®“ä½ å¯ä»¥è‡ªå®šç¾©ä½ çš„æ–°åˆ†é ,nnnkddnnlpamobajfibfdgfnbcnkgngh,Infinity æ–°åˆ†é  ï¼ˆProï¼‰
"Free android puzzle for kids. Game included jumping, sports, bouncy castles. New puzzle with update.",fjecloeeblneolcpgpejpfjefkfikpng,"Puzzle for kids, bouncy castles"
Vimeo Video Downloader Pro supports download vimeo videos from vimeo.com and embedded sites.,penndbmahnpapepljikkjmakcobdahne,Vimeoâ„¢ Video Downloader Pro
Youtubeè‡ªå‹•æŒ‰è®šæ’ä»¶,kdglddcmbopemklkcgjghfclegkigkgg,Yt Auto Like Extension
JARVIS Chrome Extension,fnpmfgmampdbnibneflfeblhhbckombk,JARVIS (STG)
ç·šä¸Šç¨ç«‹è©•åƒ¹/è©•è«–/è©•åˆ†ã€‚ä¸å†æ“”å¿ƒè¢«åˆªé™¤/æ‰­æ›²/ç¯¡æ”¹ï¼,pnkdegpeeajabllbdgnkidfcibiccpmf,å—¨è£åˆ¤åœ˜
"Smartest color picker tool for your browser. HEX, RGB, HSL colors, eyedropper tool, web site palette.",ilifjbbjhbgkhgabebllmlcldfdgopfl,Smart Color Picker
ç‚ºç€è¦½å™¨æ·»åŠ æ–°åŠŸèƒ½ï¼Œä¸¦æ‰“é€ ç¬¦åˆå€‹äººéœ€æ±‚çš„ç€è¦½é«”é©—ã€‚,pphagheiacnmkboojplbpgnacagmille,TimeSheet
å¾ç•¶å‰å°å“¥å¤§ç¶²é ä¸Šçš„å¯é é¸è™Ÿç¢¼è£¡è§£æå‡ºå®ƒå€‘æœ‰å“ªäº›ç£å ´,pglnigjnnnplpipeknciabnfkbachbfi,æ•¸å­—æ˜“ç¶“è§£æå·¥å…·
Attack On Titan Elegance 1366x768,hdegpibdhemldfgohdjjbhicpdchaahp,Attack On Titan Elegance 1366x768
Death Note Temperance 1366x768,mebedjdkeleagedbglgcjlmlpmhlejgi,Death Note Temperance 1366x768
åŒæ™‚æŸ¥çœ‹æˆ–ç·¨è¼¯ä¸€å€‹æˆ–å¤šå€‹SQLiteæ•¸æ“šåº«ã€‚,pjgijegdlnandbpokomebjakofjlpjpg,é©ç”¨æ–¼Google Chromeçš„SQLite Managerã€‚
Your Name ( anime ) 1366x768,heilkmkomknkekbddijhkipilbafaejc,Your Name ( anime ) 1366x768
Fairy Tail 1920X1080,pdmlhenoojnmamlcilkmjdahdibogjac,Fairy Tail 1920X1080
ç‚ºç€è¦½å™¨æ·»åŠ æ–°åŠŸèƒ½ï¼Œä¸¦æ‰“é€ ç¬¦åˆå€‹äººéœ€æ±‚çš„ç€è¦½é«”é©—ã€‚,bnaphdbbmploalplemcbfaeepffhbkfa,HONOKA ç©—é¦™
å¾Facebookâ„¢èŠå¤©å’Œæœ‹å‹çš„Messengerä¸­éš±è—â€œå·²çœ‹åˆ°â€åŠŸèƒ½ã€‚ å¡Šäº¤ä»˜æ”¶æ“š...,egmlbimojingfmchokcniklnhnecdecf,Unseen - Chat Privacy
"Amazon Deals Finder For US, UK, Germany, France, Italy, Spain, Japan , China and  Canada. æŠ˜æ‰£æœç´¢å¸®åŠ©æ‚¨æ‰¾åˆ°æœ€ä¼˜æƒ çš„ä»·æ ¼é«˜è¾¾90ï¼…çš„æŠ˜æ‰£ã€‚",mkaojkdhgpglojhjkmeaohadbcdcoplj,Amazon Deals Finder
è‹±åœ‹è¨­è¨ˆå¸« Matthew Williamson çš„æœè£ä»¥ç”Ÿå‹•çš„åœ–æ¨£ã€é®®è‰·çš„è‰²å½©ï¼Œä»¥åŠç²¾ç·»çš„åˆºç¹¡è€Œèåã€‚ä»–çš„å“ç‰Œç²å¾—çœ¾å¤šåäººçš„å¤§åŠ›æ”¯æŒï¼Œå¹«åŠ©ä»–è·¨å…¥åœ‹éš›èˆå°ã€‚ä»–å°‡æ–¼ 2009 å¹´åœ¨ç´ç´„èˆ‡æœæ‹œé–‹è¨­åˆ†åº—ã€‚,akhneppoibdckggbphlddbkdfnipiklp,Matthew Williamson
Nik Daum æ˜¯è—è¡“å®¶ã€è¨­è¨ˆå¸«å’Œè—è¡“ç¸½ç›£ï¼Œç›®å‰åœ¨ä¸­åœ‹ä¸Šæµ·å·¥ä½œã€‚ä»–ç†±æ„›åœ¨ä¸–ç•Œå„åœ°æ—…è¡Œå’Œå¡—é´‰ã€‚,lmkmldnjgfdccdgolepaifdniikpejma,Nik Daum
æ’­æ”¾ç¶²çµ¡è¦–é »æˆ–æœ¬åœ°è¦–é »ä¸Šçš„DLNAæ¸²æŸ“å™¨ï¼ˆæ™ºèƒ½é›»è¦–ï¼ŒXBOXç­‰ï¼‰,ekdjofnchpbfmnfbedalmbdlhbabiapi,vGet Cast (DLNA Controller)
Extract reviews on Amazon then export to CSV. Allows for easy organization when researching the market or analyzing trends.,aapmfnbcggnbcghjipmpcngmflbjjfnb,Automatic Amazon Review Collector
Monkey Mart Unblocked Games is best game you can play right on Chromeâ„¢! Popup and Offline! Have Fun!,gnonefhkmhnaehjpefkngiafknlnnhph,Monkey Mart - Monkey Mart Unblocked
é›¢é–‹èšæœƒæ™‚æ·»åŠ æç¤ºä»¥é˜»æ­¢æ„å¤–é›¢é–‹,obohhkmfpgpaikhdcmodihkhapclledh,é›¢é–‹ç¢ºèªå‡½ä»¥åƒåŠ Google Meetâ„¢
"ã€é»‘è™å°‡è»ã€‘
åŒ—æ¸¯æ­¦å¾·å®®-è²¡ç¥é–‹åŸºç¥–å»Ÿ
å®˜ç¶²:http://www.wude.org.tw/",hoenhjiogbknchhhopgpokoejmedijek,é»‘è™å°‡è»WUDE_ç™½åº•
"ã€é»‘è™å°‡è»ã€‘
åŒ—æ¸¯æ­¦å¾·å®®-è²¡ç¥é–‹åŸºç¥–å»Ÿ
å®˜ç¶²:http://www.wude.org.tw/",kjmkppbmneigkkglfbcfljkhddbdnfhb,é»‘è™å°‡è»WUDE
Space Purge æ˜¯ä¸€æ¬¾æœ‰è¶£çš„å¤ªç©ºå°„æ“ŠéŠæˆ²ã€‚ ä¿è­·åœ°çƒå…å—æ•¸ç™¾é¡†å°è¡Œæ˜Ÿçš„å‚·å®³ï¼ äº«å—æˆ‘å€‘çš„é˜²ç¦¦éŠæˆ²ï¼,glgelcnplmbeencdhpogpkapghhbgicd,å¤ªç©ºæ·¨åŒ–éŠæˆ² - é›¢ç·šé‹è¡Œ
Persona 5 1920X1080,mhdcopchnoligdhmnpgikkjbnajblama,Persona 5 1920X1080
ğŸ”ğŸ’°é€™æ˜¯ Tezos å€å¡ŠéˆåŠ å¯†è²¨å¹£éŒ¢åŒ…ï¼Œæ˜¯ä¸€é …ç€è¦½å™¨ç¶²é æ“´å……åŠŸèƒ½ã€‚,ookjlbkiijinhpmnjffcofjonbfbgaoc,Temple - Tezos Wallet
ç‚ºåœ–ç‰‡æ·»åŠ å³éµèœå–®ï¼šå¦å­˜ç‚ºPNGï¼Œå¦å­˜ç‚ºJPGï¼Œå¦å­˜ç‚ºWebP.,gabfmnliflodkdafenbcpjdlppllnemd,åœ–ç‰‡å¦å­˜ç‚ºJPG/PNG/WebP
åˆ›å»ºå’Œå‘æŒ¥æ²™ï¼Œæ°´ï¼Œæ¤ç‰©ï¼Œæ²¹ï¼Œçƒ­ï¼Œç›çš„ä¸–ç•Œ,pdknckljjbdpkhgmcokoahffbdinafbo,æ²™
Insurance fees & proportion calculation for finfo.tw,keoiklelhpbfighdaceanmhindpmepkl,finfo - ä¿éšªè²»ç¸½é¡èˆ‡ä½”æ¯”è¨ˆç®—å¤–æ›
åœ¨Chromeæ“´å……åŠŸèƒ½ä¸­ç©Retro Bowl Unblocked OfficialéŠæˆ²-ä¹Ÿå¯åœ¨ç„¡ç¶²è·¯æƒ…æ³ä¸‹éŠç©ï¼Œç¾åœ¨è©¦è©¦çœ‹ï¼,lnhihlkckncffkicamnkfdepgboalfkb,æ‡·èˆŠç¢—å¤§è³½æœªå°é– å®˜æ–¹ç‰ˆ
éš¨æ™‚å°‡æ‚¨çš„è£ç½®é¡åƒåˆ°ä»»ä½•é›»è…¦è¢å¹•ä¸Š,ljophmlbljnjodcbogmdogcpclifenpk,AirMedia å‚³é€è€…
"Game with cars and machines for kids. Play with real cars with real sounds. Racing car, bus for kids, plane for kids, excavator,â€¦",npokdkhdegcemiombkkkahmeaiindmkn,Cars and machines for kids - FULL
Extract product listing from Shopify stores to Excel/CSV,injdgfhiepghpnihhgmkejcjnoohaibm,Shopify spy scraper & parser
"ä½¿ç”¨äººå·¥æ™ºæ…§è‡ªå‹•è¾¨è­˜è™•ç†ç¶²é ä¸Šå‡ºç¾çš„hCAPTCHAå’ŒreCAPTCHA. èˆ‡è¿·ä½ æ´¾é‡‡é›†å™¨ç„¡ç¸«æ•´åˆ,å¯¦ç¾çµ²æ»‘çš„è³‡æ–™æ“·å–",hlifkpholllijblknnmbfagnkjneagid,é©—è­‰ç¢¼è‡ªå‹•è¾¨è­˜å™¨: è‡ªå‹•è¾¨è­˜è™•ç†hCAPTCHAå’ŒreCAPTCHA
åœ˜åª½UP,ealofalmoaijjghhkpedeapbaikccjom,åœ˜åª½UP
AGR - the other OGame experience for all communities.,mhfbpacbhjchkjeopjfgdhckepclcfll,AntiGameReborn
ç”¨æ–¼åœ¨ Patreon ä¸Šå¥—ç”¨è‡ªè¨‚è‰²å½©ä¸»é¡Œçš„æ“´å……åŠŸèƒ½,emdlpaekhliohajnmgbgeeohckgblifh,Patreon è‡ªè¨‚è‰²å½©ä¸»é¡Œ
V523å³æ™‚æä¾›å·²æ›´æ–°è³‡è¨Šï¼Œè®“ä½¿ç”¨è€…éš¨æ™‚æŒæ¡é–‹ç™¼æ©Ÿæœƒï¼,efenjgckcoedlelfhilmdfkdonegmakg,V523åœ°ç”¢è³‡è¨Š
"Free and unlimited video screen recorder. Record desktop, single tab, or webcam. Narriate with microphone",gfkillnkbbinelhhihonllifjpmiaeji,Screence screen recorder
Zoho Expense is an online expense reporting software. It automates recording of expenses from receipts to avoid manual data entry.â€¦,fdahmmgeapehamgjelnebneacmkjkiod,Zoho Expense
Nature Wallpapers bring your chrome a new look and useful tools,jflkhkgccbbmlhipjpondplllonfgjji,Nature Wallpapers and New Tab
Pick a color from any web page!,pmdfibcbflleichjmjllkklkpkgildkh,Ultimate Color Picker
All Habbo Links in one Place,ediahjoaikdchgopjfbkcbnmidoefjha,Habbo Links
